tick,totalPopulation,employable,employed,unableToWork,inEducation,dependencyRatio,avgGroceryStarvation,avgHealthcareStarvation,maxGroceryStarvation,starvationMildFraction,starvationSevereFraction,starvationFatalFraction,deathsLastMonth,deathsThisMonth,birthsThisMonth,meanWealth,foodPrice,wealthToFoodPrice,waterPrice,priceLevelRaw,priceLevelRefined,priceLevelManufactured,priceLevelServices,refinedToRawPriceRatio,manufacturedToRawPriceRatio,groceryFillRate,groceryTotalDemand,groceryTotalSupply,groceryTotalVolume,gdpAnnual,costOfLiving,bankEquity,bankDeposits,bankLoans,householdDeposits,totalLoans,loansWageCoverage,loansBufferCoverage,loansRollover,loansStarter,loansOther,agentsInDistress,totalAgentDeposits,workerUtilization,avgWage,existentialAgentCount,nonExistentialAgentCount,existentialSlotCapacity,nonExistentialSlotCapacity,existentialUsedWorkers,nonExistentialUsedWorkers,existentialFillRatio,nonExistentialFillRatio,foodChainFillRatio,existentialMaxScale,nonExistentialMaxScale,existentialOperatingScale,nonExistentialOperatingScale,existentialContractionIntegral,nonExistentialContractionIntegral,existentialNegativeProfitFacilities,nonExistentialNegativeProfitFacilities,existentialAtLowerBoundFacilities,nonExistentialAtLowerBoundFacilities,productionEfficiency,avgFacilityCondition,avgWorkerEfficiency,avgResourceEfficiency,avgConditionEfficiency,avgMaxMaintenance,facilitiesBelowFullMaintenance,avgHrBuffer,hrCoverageRatio,avgStorageStarvation,maintenanceServicePrice,maintenanceServiceVolume,maintenanceServiceDemand,adminServicePrice,adminServiceVolume,logisticsServicePrice,logisticsServiceVolume,maintFacilityScale,maintFacilityMaxScale,maintFacilityCondition,maintFacilityOutput,maintFacilityCostFloor,maintFacilityRevenue,maintFacilityInputCosts,maintFacilityWageCosts,maintFacilityProfit,maintFacilityOverallEfficiency,maintFacilityResourceEfficiency,maintFacilityWorkerEfficiency,maintFacilityConditionEfficiency,maintInputEfficiencySteel,maintInputEfficiencyElectronics,maintInputEfficiencyPlastic,fillRateSteel,fillRateElectronics,fillRatePlastic,fillRateIronOre,fillRateCoal,fillRateCopper,fillRateSiliconWafer,maintAggregateConsumption,maintSteadyStateDemand,maintCatchupBacklog,maintAggregateBuffer,maintFillRate,maintRepairSurgeRatio,priceCeilHits,priceFloorHits
30,9800342,1442915,3185697,1239006,3932724,1.117339280112483,0,0.6383169657569941,0,0,0,0,0,18419,16919,8.269202738161683,6.3858446232826545,1.2949270184264028,2.8174656276377483,2.506224135395464,8.91080273901584,45.524241682117115,5.113158613969003,3.555469206911049,18.16447341607526,1,373.72287079002297,3703725.349092664,373.72287079002297,1560237163.8011672,0.27106458113990006,0,8714692012.295294,8714692012.295294,81041014.90132084,8714692012.295294,377563680,8316962484.295294,0,0,20165848,0,8633650997.393974,1,1,21,93,712959,1981012,712959,1981012,1,1,1,6342,19065,5981.13814681355,18590.53,161.62355806695248,223.70150845535505,9,9,0,0,0.9999978784690325,0.9285399040749487,1,1,0.9986125440810262,1,0,278863.6589062501,11.593565705607078,0.19630432178317503,5.700845637945873,12918.173678550895,44531.73940908902,0.9321566385823522,61175.309621220826,2.528706566710035,64893.52003017026,178,178,1,17800,3.985325094740188,101475.05235543655,34034.06558296643,18620,48820.98677247012,1,1,1,1,1,1,1,0.16433206272541406,0.397975694970514,0.37742260368957603,0.30332920683188036,0.5500123930707647,0.6342761636869212,0.2624516444773216,11432.876376421274,13650.910100614305,25119.038072778192,23683.126173530538,0.29008913305358713,0.8375175202352834,0,0
60,9800560,1440961,3181968,1230753,3946878,1.1199892968289151,0,0.6693404899627182,0,0,0,0,18419,16718,16936,16.790173892448625,8.84843366319711,1.89753062875786,4.78472711344888,4.6077339567411295,13.298233354217677,72.81332857713781,9.105996082195283,2.8860679629218433,15.802415951253366,1,574.9002496440535,4728305.855503312,574.9002496440535,4921330999.627331,0.48223765668142804,0,9112801983.584848,9112801983.584848,164553106.64337662,9112801983.584852,377563680,8715072455.58485,0,0,20165848,0,8948248876.941467,1,1,21,93,688532,1932725,688532,1932725,1,1,1,6311,19031,5663.179999999999,18362.84,155.99989177624835,186.3645365700512,6,6,0,0,0.9999995831276378,0.9202133840250601,1,1,0.9976250330620232,1,0,266261.44009109057,11.376710215824751,0.05154088289112349,11.745675798881532,19418.174811364475,41941.34275854077,1.009119826387905,24663.860285148698,3.178678307897147,84642.76037426162,178,178,1,17800,5.700459261095357,209073.02922009127,55777.834761610095,18539,134756.19445848116,1,1,1,1,1,1,1,0.4228897535330638,0.3766489637547505,0.6591124907965386,0.364838672115398,0.16972909940426478,0.7126933150729475,0.28719122791963586,12951.19954760331,13347.78582810454,11681.655888255144,21122.068600356557,0.46298409955914527,0.9702882346474129,0,0
90,9800910,1438898,3178410,1222601,3961001,1.1226459226891514,0,0.7782402671803323,0,0,0,0,16718,16575,16925,23.868117006785866,12.505069476618477,1.9086752817658152,7.16598514836814,11.285374866929136,20.592448314781283,120.29250462330869,13.946886775246014,1.8247021970998731,10.659150098400008,0,1553.4332617806842,5338504.59771117,0,8624816124.036276,0.7135593553941713,0,9112826802.79437,9112826802.79437,233929266.6529768,9112826802.794374,377563680,8715097274.794373,0,0,20165848,0,8878897536.141397,1,1,21,93,680234,1934383,680234,1934383,1,1,1,6280,18998,5330.37,18013.28,149.99999999829254,143.99999999829265,6,6,0,0,0.8377135867602602,0.9773710760198817,1,0.8377137464653577,0.9995719352808903,1,0,228433.20898971308,9.785188196530454,0.027314821548851346,23.357743264626627,12203.04770351028,32716.205514407295,1.196907119708957,67983.45664320819,3.7177722858179694,126980.44047465659,178,178,1,17800,7.498478250484373,415767.83011035394,80305.06647924415,18461,317001.7636311098,1,1,1,1,1,1,1,0.3270286135219448,0.028428738006485207,0.28714136929952877,0.30591282005089593,0.356737793015881,0.35736686355834707,0.438038050505515,11958.93416986665,12245.617312171746,6147.0588248100585,28631.353858810693,0.3729970365339709,0.9765889187129716,0,0
120,9801457,1314438,3297380,1214555,3975084,1.125291370995126,0,0.8079623246000249,0,0,0,0,16575,16366,16913,31.907895273292834,17.565316560701966,1.816528336567462,7.450426668377084,15.104554854472475,39.20071306957737,288.14959859369515,23.760622739991945,2.5952908541339763,19.077000373061225,0,28788.49247494853,1946707.0587784285,0,12018455144.986975,1.2272862370968258,0,9151568188.427412,9151568188.427412,312743863.4816874,9151568188.427418,377563680,8753838660.427416,0,0,20165848,0,8838824324.945732,1,1.0080504364892964,21,93,659467,1921936,659467,1921936,1,1,1,6251,18968,5275.806701695426,18386.898773365756,125.79377840308632,76.51662309490995,6,6,3,3,0.5908266676055997,0.9998874492633191,1,0.590826668386694,0.9999999969247256,1,0,262421.3286618827,11.385742098436728,0.020141900283937513,30.97343826279753,15700.920701236972,17579.059642205524,1.6406462220157607,68619.85386606237,4.360472344482482,74982.89465008206,178,178,1,17800,11.466729244438293,551327.201077796,135316.81536099542,18643.3693455314,397367.01637126924,1,1,1,1,1,1,1,0.40229379823183964,0.21293664391617084,0.6015756251245227,0.6516905102515946,0.4215637093686798,0.6368173037664357,0.070811268497228,10468.566734029666,10410.678569565445,23.0480136967655,45988.55897480688,0.8931604432094119,1.0055604602598576,0,0
150,9802286,1122160,3484390,1206631,3989105,1.127901792013546,0.00044996482721949735,0.7668969276443249,0.11784622785130253,0.008608808190252764,0,0,16366,16074,16903,40.19299086829871,39.69023002300675,1.0126671184571248,7.6689916621099234,14.967466602835076,72.66660912314781,553.3968220813302,41.20638879887463,4.854970520487655,36.973312636388854,0,61582.867892999486,519574.02903265174,0,16434536907.48848,2.8845256863958966,0,31998953551.12982,31998953551.12982,393983191.68648815,31998953551.129826,377584691.1827896,31601203011.94704,0,0,20165848,0,31604970359.443367,1,1.070813426641173,21,93,588110,1964875,588110,1964875,1,1,1,6238,18968,5105.46419622181,18933.575805939014,142.6037652011715,31.374212595347117,6,8,3,0,0.4945448418427006,0.9710088536317226,1,0.4945479836889864,0.9999521343649219,1,0,230679.62230431667,10.119964550549051,0.02131495906983607,29.693048329832546,0,34054.444576891765,2.990213821965542,19642.68442101199,5.42604012832636,98572.41434412633,178,178,0.9984868846755222,0,23.884821137884824,0,0,20880.11410068285,-20880.11410068285,0,0,1,0.9999999903968438,1,0,1,0.7681492467646671,0.08753243098280672,0.6465672495450369,0.6363186011396452,0.820838134006236,1,0.07636165807155178,24.809263242739732,9739.93016417979,42512.18238933392,9.50730836245201,0,0.0025471705468669494,0,0
180,9803376,1542601,3058939,1198677,4003159,1.1304554562168319,0.0008713171443049431,0.7487988623985157,0.10908336099386348,0.010320730328001293,0,0,16074,15802,16892,64.4791171633613,89.5287201052579,0.720205952766374,7.0337832357627095,14.139727886540264,75.19619764252668,939.6009706888631,85.25253475081668,5.31807954480557,66.45113528551549,1,1433.9441889976306,637686.9827965635,1433.9441889976306,23539623602.906322,4.756382525856956,0,50510214021.3184,50510214021.3184,632113029.700515,50510214021.3184,377584691.1827896,50112463482.13561,0,0,20165848,0,49878100991.61792,1,1.1703675268505065,21,93,571297,1953180,571297,1953180,1,1,1,6184,18968,5386.500536120134,18949.078304469287,36.36895066552376,47.7361201991018,3,4,0,0,0.5811363959810478,0.8663787785287121,1,0.5818506624110683,0.9964993293251375,1,0,237620.522091022,10.542182984513015,0.04537449494293677,61.50577387560994,8662.649914455817,35502.96604848297,5.8636987552249655,28603.65621337682,9.972135599718253,9663.556330493933,178,178,1,0.04806644021414286,39.988449804402656,2.9563636028165945,1.3590819561031071,24890.89354838798,-24889.296266741265,0.0000033034563062489573,0.0000033034563062489573,1,1,1,0.0000033034563062489573,1,0.9516687541401367,0.043111658945703776,0.4205432440116186,0.34408915861559813,0.8074022379525364,0,0.2009799608703375,8696.705610265362,10581.051429312047,211087.9840500158,142.73827261236625,0.24399792126173547,0.8219131783230356,0,0
210,9804506,1579168,3017313,1190848,4017177,1.1330461281140942,0.0003672958270589131,0.6493658440002593,0.0377199035433418,0.012029774881059791,0,0,15802,15751,16881,206.50204539893488,74.79010666878288,2.7610877239880725,6.452020024796934,12.448041609813068,64.96255646575209,1132.1702574751523,136.8525495340412,5.218696924545999,90.95167681498087,1,1859.2826446653933,1915307.7977418308,1859.2826446653933,45145530290.50243,4.448585065240405,0,94705605593.70142,94705605593.70142,2024650543.126011,94705605593.70142,377584691.1827896,94307855054.51862,0,0,20165848,0,92680955050.57526,1,1.262209894743389,21,93,644864,1945517,644864,1945517,1,1,1,6184,18968,5774.62515899991,18959.742138308837,38.57023729734004,56.96098811137717,3,3,0,0,0.8557213746728901,0.7556522346949157,1,0.8606519932649247,0.9796355103540831,0.9998224852071007,0,255877.70171723288,11.063354229485965,0.07937917794524588,90.68891785720322,7117.685057403937,40241.05054489052,12.480098953110803,52946.0590404822,22.22411636887468,37281.198173723125,178,178,0.99,17799.9822,35.98953417276532,1614261.1235954794,444827.11722191377,27045.960528239026,1142388.0458453265,0.999999,1,1,0.999999,1,1,1,0.25513695179050955,0.21677457012669757,0.593579111950112,0.6292788840199661,0.3369002970839826,0.3034913226526984,0,7123.880726527226,11929.453974824986,403289.1094295814,16076.824723964524,0.17687622368267628,0.5971673759386577,0,0
240,9805808,1564158,3027365,1183149,4031136,1.1356329914932366,0.00015167429355612708,0.3765393510700817,0.013021148232062699,0.013735940985179395,0,0,15751,15570,16872,50.65486631705782,66.61482110511362,0.7604143563956722,6.424089432644774,12.052626582317476,59.14030789981633,975.6679353969765,142.06924157907682,4.906839807563742,80.95064828677164,1,1923.1189789911552,3984859.288032159,1923.1189789911552,70316814049.83461,4.0921175468560325,0,94705605593.70142,94705605593.70142,496711893.37054724,94705605593.70142,377584691.1827896,94307855054.51862,0,0,20165848,0,94208893700.3307,1,1.354438512127096,21,93,695915,1912192,695915,1912192,1,1,1,6184,18968,6175.686093252866,18932.875747897622,29.250147275943227,12.860947309801503,2,3,0,0,0.921394918995926,0.6717339623755787,1,0.9284922607864352,0.9395023815369913,0.9981805059710852,0,259203.0159928959,11.130961188020407,0.021224690309275172,198.2520174692458,15760.823562209313,41735.38294093248,10.75060960585538,36887.79453116078,14.678549925583228,61387.91790116128,178,178,0.99,17799.9822,33.787295821001884,3528882.3820666643,415057.2664915159,29590.355091321446,3084234.760483827,0.999999,1,1,0.999999,1,1,1,0.3024955855819248,0.343334552950782,0.5040001665969404,0.38751152504701497,0.6130419593855945,0.6670635734481323,0.3762105747816469,15840.59804213006,12692.419500236045,428752.5481522879,16208.806012451776,0.3776369701582801,1.2480361243839653,0,0
270,9807162,1553534,3032976,1175538,4045114,1.1382624261148455,0.00006165443460868308,0.22968826144348378,0.0045766192630852,0.015438819099755871,0,0,15570,15507,16861,24.950662884251383,66.19497624062359,0.3769268349542705,6.517774294968687,12.232552579558439,57.99734543684005,907.2048472406826,93.15788989329982,4.741230013902266,74.16316760875351,1,1875.122864990462,4914574.336189028,1875.122864990462,87921981601.93767,3.8374981078164767,0,94742529854.2319,94742529854.2319,244695192.91305223,94742529854.2319,377597453.7337509,94344766552.49814,0,0,20165848,0,94497834661.31871,1,1.4678241258810418,21,93,696915,1928632,696915,1928632,1,1,1,6184,18969,6171.365418791697,18969,18.7603951172606,0,3,3,0,0,0.9294507567669568,0.6002986005609329,1,0.9364311411502466,0.8688707515021221,0.9965088757401064,0,236118.49102484196,10.072290076994355,0.016870649244462098,221.3623106839322,8659.585177774341,44026.70831740517,8.317519531286992,47890.3783239905,12.580342049362674,137139.34911256455,178,178,0.99,15406.340067130408,34.526279848830924,3410383.0364424344,367925.98292392294,33262.17565457741,3009194.877863934,0.8503770376962164,0.8503778880741044,1,0.999999,1,0.8503778880741044,1,0.044397275334976755,0.37109732006998014,0.6891713582208095,0.37152806563988694,0.5253041549207813,0,0.37847925061839316,8741.548258614766,13542.884857163817,408970.7439116578,31703.294611010544,0.19668936217861485,0.6454716517796225,0,0
300,9808488,1583535,2997938,1168003,4059012,1.140902718405194,0.000024751310045272548,0.1219196084217384,0.0016250365058216067,0.017137605714560696,0,0,15507,15520,16846,202.52687210411037,67.61129159257462,2.9954592987889734,6.575695710571434,12.545296909669167,58.20800383640978,909.5433438595993,131.57066397050778,4.639826721960365,72.50074274117638,1,2284.270601838112,4626249.28345905,2284.270601838112,105511167530.78093,3.917746366317548,0,94770091745.95068,94770091745.95068,1986482394.710611,94770091745.95068,377597453.7337509,94372328444.21692,0,0,20165848,0,92783609351.23996,1,1.6091568183518965,21,93,693685,1919089,693685,1919089,1,1,1,6184,18969,6156.460877837881,18943.920801524335,13.614505993701663,2.6878940058014247,3,3,0,0,0.9777802446181727,0.540236176342505,1,0.9849777976048798,0.7685962515483115,0.9965088757401064,0,232539.9207675314,9.968130089308726,0.12309282801189715,227.7688478362465,15948.227486664935,41689.79166985986,7.2905758535489475,41659.17645534007,17.07303459792755,268389.9360277565,178,178,0.99,17799.9822,36.673700122166984,4054281.437199696,450027.5241450415,39150.12207362073,3565103.790981034,0.999999,1,1,0.999999,1,1,1,0.3585820625623347,0.34844688016537523,0.32429944626140245,0.3411870415248487,0.5096574239857006,1,0.2951980657489132,15850.455501813633,13871.84420537806,368738.2004229889,27791.376598006653,0.38254514709400433,1.1426350575411215,0,0
330,9809920,1505158,3071322,1160537,4072903,1.1435513757298186,0.00000983759974304792,0.06068478610967459,0.0005761674420751618,0.018833996607515658,0,0,15520,15415,16847,139.9899677509572,70.35294707739841,1.9898237894277264,6.603862776296027,12.94475728284811,59.66783247531094,935.833598864812,140.85541822486925,4.609420723119406,72.29441065726259,0.8857634811313456,307927.40073071135,1717275.709445519,272750.84640696173,142587282290.4363,3.9609116549271715,0,94770157784.70285,94770157784.70285,1373290384.4394002,94770157784.70287,377610190.9907184,94372381745.7121,0,0,20165848,0,93396867400.26337,0.9979087694589694,1.7751893063056767,21,93,704045,1965675,704045,1960092,1,0.99715975428288,1,6184,18969,6173.573287847974,18969,5.019740037137858,0,2,3,0,0,0.9543496891526008,0.48978544498405524,0.9970696013615158,0.9657158053481948,0.6482023272164439,0.9965088757401064,0,100396.14558488612,4.220641921007533,0.26342913254094813,248.8538144550521,2828.7420168239096,43766.45067189126,6.964049315583941,34043.562256466306,25.805263484238893,184713.0458245568,178,178,0.99,17799.9822,39.282917564368375,4429593.46770203,483673.7022562068,46074.5209208936,3899845.2445249297,0.999999,1,1,0.999999,1,1,1,0.06792116432153268,0.32001796005092087,0.49877010962608975,0.5033684409768617,0.8250899189493985,0.30078339408785243,0.32728382301356507,2871.7649055455922,13712.078162972246,337220.4933174309,26499.338822192396,0.06463265751272475,0.2094332362617677,0,0
360,9811528,876922,4249963,1153032,3531611,0.9137406046751585,0.00000387751615614574,0.03935541586315721,0.00020573537458955043,0.02052616065509878,0,0,15176,14952,16560,133.8975567754695,73.81998943566921,1.8138387420409368,6.6537501777773365,13.48350367673209,61.88481052684659,979.3222615714628,147.50354998032884,4.589668383718291,72.63114135990023,0.9942272110117933,291988.28418878635,1040026.9495167597,290302.69743713597,151243538478.77145,4.103458611063544,0,94805466428.57741,94805466428.57741,1313739627.4341533,94805466428.57741,386095915.3820359,94399204665.19534,0,0,20165848,0,93491726801.14331,0.8384772645024503,1.9554775864405745,21,93,1196351,3222092,1008134,2696630,0.8426740981534684,0.836918995484921,0.7941105220364657,6184,18969,6171.083261068175,18947.35313189432,1.6122925122798952,2.109921838267761,2,4,0,0,0.8305427265069388,0.44566952621702066,0.9210682958349191,0.9112671894434655,0.5235998950389618,0.9965088757401064,0,1886.9216641355463,0.05704418051546095,0.3683659897942607,267.79807942871577,8129.875181200136,41431.23062042212,6.90445278147491,48091.06137750554,33.98423250209605,302980.09183038765,178,178,0.99,17799.9822,42.918364392154224,4766801.047025328,526089.9902528878,53853.894257723936,4186857.162514716,0.999999,1,1,0.999999,1,1,1,0.8287007576388229,0.44006970001577184,0.5689617341605785,0.7396901048638089,0.4209054356036705,0,0.32811722757590256,7936.171744093345,12495.33942354983,327894.0298933792,16101.818873066084,0.1962257712227546,0.6351305454845131,0,0
390,9812922,290684,4831040,1145010,3546188,0.9159411948008132,0.0000014013346274424436,0.07066467848219837,0.00007354897373109838,0.02051132170417741,0,0,15190,15674,17068,142.56535037828206,79.38175641052818,1.7959460312391629,6.787185229560647,14.323345646151928,66.64777028158804,1057.7613202401853,166.86543915541208,4.6530867807056975,73.84876036447258,0.9846918760495802,292319.16314934415,465199.4135736745,287844.305166771,150664013978.52408,4.50981640648425,0,86301447074.21664,86301447074.21664,1398982663.1648722,86301447074.21663,14275236.306435907,86279761642.2645,7410195.645702447,0,0,0,84902464411.0518,0.8047640423332689,2.1397919690749077,21,93,1377105,3753328,1123662,3005126,0.8159595673532519,0.8006563774868597,0.7304206787083696,6184,18969,6183.988666567283,18965.358348970538,0.07359542448857054,2.2010566215471576,3,3,0,0,0.7607747057764441,0.435495661954279,0.9233302664197824,0.8436199566467912,0.5058304246964564,0.9960946745566743,13,1745.753658361716,0.04735636940828935,0.48705922940293994,307.70470295445443,4448.515407020815,39956.86047957436,7.178107939134705,30154.793215963833,50.59498566751818,331552.5699417053,178,178,0.99,8100.0009533714865,50.09390432866431,2492408.3872879706,278397.21146115917,63180.47703427435,2150830.6987925367,0.3333336222248444,0.3333339555588,1,0.999999,1,0.3333339555588,1,0.45652552009529135,0.09796242881434551,0.7149988207037775,0.5480799269944205,0.4897115526682631,0,0.25280511029009883,4269.452575690513,12061.9084936275,348649.1136017729,10740.653520619562,0.11133295643422389,0.35396161212349886,0,0
420,9814439,302692,4813970,1137087,3560690,0.9181331500888665,5.06435930766294e-7,0.11137970330085115,0.000026387682553529176,0.020496230095270854,0,0,15673,15540,17057,143.98770316678184,88.0955315290419,1.6344495647808688,6.974165175861848,15.376754589443912,73.41362964332201,1189.8083025800365,188.3625974018109,4.774325376417219,77.37707561495687,0.9202151476904977,317450.03980725014,442762.2959689605,292122.33526558307,144553225960.71063,4.925797698228967,0,156240541266.51233,156240541266.51233,1413158529.4805758,156240541266.5122,14301948.327593604,156218829122.539,7410195.645702447,0,0,0,154827382737.0317,0.7999145416349625,2.3751000774826205,21,93,1371821,3783906,1119838,3004303,0.8163149565431641,0.7939687190960875,0.7230051569657451,6184,18969,6184,18931.591151079632,0,9.700284183106186,3,3,0,0,0.6530670516829307,0.41622265573583983,0.924604960971626,0.7333894937981345,0.5009465485409952,0.995147928994543,45,1790.686317260188,0.048629973498272985,0.5058011356453913,381.0534135386624,37.10168364470202,37282.7554167847,7.962718268611729,26150.441665931663,59.67428145545289,223148.32535994303,178,178,0.98,8099.935201862385,61.11960414136961,3086507.958111636,340595.05628974404,74147.06742594184,2671765.8343959497,0.3333306667946656,0.3333333334613333,1,0.9999920000000001,1,0.3333333334613333,1,0.2942335022720334,0.17468841654869355,0.2874992392153429,0.4520740665837534,0.3961176204612328,0.3063405769587884,0.32801374096839203,107.53566900552087,11370.826527021392,433278.7380769672,13860.361318590018,0.000995143283535284,0.009457155005396959,0,0
450,9816010,260682,4850855,1129322,3575151,0.9203636792612476,1.8301983586968183e-7,0.180087881986613,0.000009475863475597376,0.02048072485663727,0,0,15532,15480,17051,244.1033611472007,98.33198752763174,2.4824410375983352,7.190687756343293,17.0605277039048,83.62423789940739,1369.5457594247061,215.26928581134413,4.901620826199154,80.27569739892897,1,300388.2707193151,363413.5815931754,300388.27071931545,140621588995.68878,5.6256776087013876,0,273703005357.51102,273703005357.51102,2396121034.054322,273703005357.511,14301948.327593604,273681293213.53772,7410195.645702447,0,0,0,271306884323.45642,0.8228913897032515,2.728648640497161,21,93,1366143,3765341,1132462,3090192,0.828948360457141,0.8206937963918806,0.7182782424609212,6184,18969,6176.521193206379,18849.53985628875,2.650806689400853,25.62399213743118,3,3,0,0,0.6565678153924025,0.39226332380538853,0.9649081465770044,0.7240586016127369,0.4938744785738326,0.9943195266276789,73,1747.616235551384,0.04635307993071538,0.4879420390953377,465.1168748066237,32.27266304158144,37055.435627707586,9.669252955280152,38309.084547096856,74.65096346025376,395286.18112281733,178,178,0.98,9699.922401555186,74.21643699139153,4511597.593278108,495791.3350499932,87089.25475964711,3928717.003468468,0.6666613333973328,0.6666666667306668,1,0.9999920000000001,1,0.6666666667306668,1,0.8539532215990276,0.07876468085644486,0.7292002472999146,0.6985600522107713,0.3222249352517963,0,0.10172339991244973,107.91084036038845,11406.63900447962,539406.6521713532,8742.067037930943,0.000870929257608028,0.009460353774500066,0,0
480,9817758,301267,4805190,1121686,3589615,0.9226164050730281,6.614126312869184e-8,0.21603222640409955,0.0000034099721244088425,0.020465263046817818,0,0,15480,15290,17038,299.3603648820631,123.21761614492218,2.429525698094751,7.387160037022708,19.568982080550356,98.68624254446519,1639.6102607753755,267.24306520805794,5.042993147944553,83.78618029422118,0.38958196262081846,561555.8138735109,218772.01608997336,218772.01608997345,147494121287.58054,6.900832195248612,0,273852640668.23193,273852640668.23193,2939047617.203666,273852640668.23193,22661365.88624587,273821189438.40927,8789863.9364445,0,0,0,270913593051.02792,0.8068429667820002,3.45469682513265,21,93,1361270,3739880,1110307,3005520,0.8156405415531085,0.8036407585270116,0.6962383682085347,6184,18969,6180.577687147539,18659.03985628875,1.91460933121521,85.16825542861422,3,3,0,0,0.6791241591728469,0.3709142682337772,0.9560511766812584,0.7607123224012293,0.4856090610168345,0.9933727810655487,105,1719.0049753955616,0.04677761170338377,0.45832575962192823,626.9168526378724,11853.90378047248,35764.03697889625,12.385928924192184,13441.236046317406,91.0588305626733,61250.764554923386,178,178,0.98,17799.8576,97.12585639810834,11159030.703994313,1225096.929274502,103239.10224110495,9830694.672478708,0.9999920000000001,1,1,0.9999920000000001,1,1,1,0.6707270628195362,0.2828358179836586,0.5568417957226334,0.6895991238746592,0.2645844896330155,0.698353056721114,0.09826809875668323,11418.951659636945,11218.918769844444,613597.8932867766,19743.89700139464,0.33144758762740534,1.017829961504862,0,0
510,9819642,501760,4599698,1114085,3604099,0.9248697137171373,2.3902591360332055e-8,0.2571736176189874,0.0000012275039908803272,0.020449727189647035,0,0,15290,15145,17029,398.30601387572534,195.50320091212663,2.0373375577351958,7.891310438136181,24.62786024245612,135.12043947925972,2168.086448594239,354.84088840653965,5.486487179520564,88.03389442890622,0.23958003374330084,1169144.8368015902,280103.75945173064,280103.7594517308,163866563371.11557,9.969169371883261,0,301318792400.85547,301318792400.85547,3911222462.7065396,301318792400.8556,50347787.54656192,301161234290.6617,107210322.6472545,0,0,0,297407569938.1487,0.7774206279626018,5.057898406243253,21,93,1357077,3713002,1085543,2856041,0.7999126062854208,0.7691999627255789,0.6703471601724875,6184,18969,6183.4084577911635,18428.102797090833,0.34059200152589936,208.67809607286378,3,6,0,1,0.6652882813013695,0.359811832652701,0.9357881018854702,0.7781681776081013,0.48101632147536894,0.9931065088761997,114,1795.7548477803707,0.051026324176118416,0.4274175809665533,985.6014556025691,15894.863960851902,35259.513064853614,16.539531907437155,31372.230509766934,63.69556521540593,223863.36408881715,178,178,0.98,17799.8576,175.30126253644943,17543565.56007845,2229179.6630007937,126446.69002577956,15187939.207051875,0.9999920000000001,1,1,0.9999920000000001,1,1,1,0.16429458774305378,0.1229399195118898,0.8228213848426754,1,0.917142774500844,0.7849245948395407,0.049791088931785264,15169.992697279795,10851.303535886978,642666.8820865005,16208.610019599848,0.45079646822167174,1.3979880525054182,0,0
540,9821724,645560,4451013,1106590,3618561,0.9271231865019887,8.637951747417166e-9,0.28633923445743054,4.422013984648633e-7,0.02043388716685584,0,0,15145,14939,17021,350.2037767228456,244.00752344773298,1.4352171268106826,8.420579794930275,30.099348119726823,182.09003372929655,3113.5147852831255,485.8727375087335,6.049633799542539,103.44126965469255,0.44671090021397974,544422.9068185913,305285.25457959925,243199.64680204453,189622080945.57422,12.703503353369115,0,282817981217.9857,282817981217.9857,3439604838.728966,282817981217.9859,50617427.54656192,282659242346.1647,108121444.27458575,0,0,0,279378376379.25604,0.7692337470212169,7.424429759439227,21,93,1364907,3672385,1183268,2691587,0.8669220686830678,0.7329261501721633,0.7821321051179638,6184,18969,6184,18090.581481714842,0,450.51415036309055,0,13,0,3,0.5516723393873212,0.3172239896950665,0.9085624458902432,0.7187246709600815,0.46317894794059816,0.9931065088761997,114,1777.8269332253387,0.05138685615880799,0.38279076595585965,1419.4323669181679,0,32919.04150886269,23.420292006420343,30596.553288483203,59.97002502310376,75867.37376440145,178,178,0.9599232984624853,2.2701610717496143e-49,297.21090236006194,3.2223401033590395e-46,4.714853464385235e-47,164857.23639064972,-164857.23639064972,1.3201427820471424e-53,1.3202117921137125e-53,1,0.9999353890407893,1,1.3202117921137125e-53,1,0.37581082942260996,0.008396168269821189,0.5660934199732338,1,1,0.9170862947564584,0.007288941884112062,2.2701610717496033e-49,10162.853288109525,828787.3208215227,0,0,2.2337831782002377e-53,0,0
570,9823727,685789,4405735,1099216,3632987,0.929427613421836,3.1216037222604258e-9,0.2976325835288052,1.5941099030726884e-7,0.020418116260763355,0,0,14939,15008,17011,482.89435354355874,236.1721479033969,2.044671049615386,9.003386630980662,38.32141538211811,257.3212799569206,5336.870174503845,656.0189197603619,6.714816699515597,139.2659984316285,0.2719656504404876,583047.186464356,158568.80730427633,158568.80730427484,225748965821.38348,14.36129984648252,0,365631734844.71265,365631734844.71265,4743822299.053473,365631734844.71295,2790815288.2255087,360511343218.1345,2329576338.3527575,0,0,0,360887912545.6591,0.7663651329271565,9.380947989072187,21,93,1368360,3633402,1321739,2511437,0.9659292876143705,0.6912081294610395,0.9480505401400028,6184,18969,6184,17800.3816666295,0,766.5360018567209,0,15,0,3,0.4631663112877897,0.2706709307590037,0.8771523004009536,0.6976364507887486,0.433445571099142,0.9930473372785665,114,1942.102969866194,0.056745511457082516,0.34772960713283685,1570.2781591655905,3236.0545233643124,31958.4152408956,36.0001227812381,6659.172548690959,79.34977238332576,109905.45998389725,178,178,0.971445729569554,1.3763193405556589,435.3055279449663,2161.2042005117396,432.5370831788242,213478.72405330092,-211750.056935968,0.00005663867719376744,0.00005664557828435979,1,0.9999759390348348,1,0.00005664557828435979,1,0.3002013542961434,0.005350048547316249,0.15993256002953543,0.4657716794236529,0.3460115459093205,0,9.093908540839534e-9,3258.409268984331,9540.89419726472,1044598.2772353675,22.128210502191546,0.10125829140686844,0.34152032310750124,0,0
600,9825585,802739,4283617,1091845,3647384,0.9317533023642073,0.005469887678577028,0.3078175760889148,0.4801223203731498,0.041817968090449575,0.00884771746415099,0,15008,15145,17003,848.7609561162185,373.5079530133137,2.2724039723083607,9.563928081056593,56.327798611521644,352.30952126294704,10004.42235612547,1134.1429604489406,6.254629684584965,177.6107464295454,0.01659092202625745,1960909.3095892784,32533.293455958104,32533.293455958104,267536003478.49274,24.702271683184563,0,434532002704.77136,434532002704.77136,8339572919.001224,434532002704.7717,2790832736.795937,429411593629.62286,2329576338.3527575,0,0,0,426192429785.7704,0.7426600277674916,12.088888165523544,21,93,1366547,3534868,1339564,2300521,0.9802546125380247,0.6508081772784726,0.9794752063016201,6184,18961,6174.45,17298.94150506974,3.16685605821123,1166.1352731700629,3,29,0,6,0.37063723663749343,0.212257076149714,0.8530533269921875,0.6851573396487959,0.38114447132355805,0.9930473372785665,114,1990.4955468749997,0.06124458666487183,0.29725974985438747,1875.96250986607,0,29305.240745717696,65.06684992988232,30672.278657411407,115.57737838523448,72824.81252238744,178,178,0.9083503410394272,0.00003116432742365456,495.0091156794434,0.05846310989196701,0.010748116098679083,265001.5544430194,-265001.5067280256,1.960020592682677e-9,1.9615999556033545e-9,1,0.9991806614542033,1,1.9615999556033545e-9,1,0.19634169128865855,0,0.3636014754656084,0.15931604170254338,0.13605855861339716,0,0,0.00003116432742365456,8742.527587941095,1295811.4274774021,0,0,3.5646816221250157e-9,0,0
630,9820973,903155,4176287,1079776,3661755,0.9334747793163107,0.062423513064110564,0.36746793270725675,0.8119802515712431,0.023427821255592497,0.10047161314871754,0.0015441443531104301,15145,21603,16991,1025.6904366803742,618.0969616765246,1.65943290499001,10.088181020522619,73.92129420943319,423.50814186897725,10115.1983211868,1369.307318405944,5.729176503175087,136.83740834580772,0.0004981927270824027,3757571.000056799,1871.9945437241263,1871.9945437241263,213514521333.07803,38.46472166085157,0,439907711310.0018,439907711310.0018,10073278084.995495,439907711310.00226,2794068000.4159837,434784062000.4367,2329581309.149351,0,0,0,429834433225.00586,0.7301567784265441,15.132583864765866,21,93,1245721,3267974,1226993,2068712,0.9849661360770189,0.6330258441468628,0.9998004968183399,6184,18961,5694.736673408085,15989.978390954742,126.73277558859395,1976.9631044773532,6,45,0,10,0.1866553358847465,0.15947591311389137,0.816037908660363,0.5666897084448299,0.31344027522232165,0.9932247021903664,114,475.0324922960691,0.01614332567300767,0.21054159439677814,2694.053449924468,0,25084.00945438585,88.9716462214709,0,219.70688486429816,0,136.43611232336298,178,0.8267287799606476,1.1842870258193318e-84,560.5706184625041,3.1905325476093587e-81,4.637571013576919e-82,184660.54541757447,-184660.54541757447,1.0005364542819042e-88,1.0060552966147853e-88,1,0.9946011023022145,1,1.0060552966147853e-88,1,0.0325317448620406,0,0.8830690760923683,0.25837600441660086,0.19408685365705838,0,0,1.1842870258193318e-84,7114.39553747049,1435114.7734199266,0,0,1.6646347811024333e-88,0,0
660,9748615,781831,4275785,1015088,3675911,0.9275118949323159,0.2053467373088567,0.3353923969464384,0.9287532871515213,0.7446308014010196,0.04499716113519715,0.09319775168062334,20609,73942,1584,1160.6329022422408,770.3322632527858,1.5066653152256422,10.760483349045275,100.19369473713783,478.71148448685284,9587.44480714124,1344.7606727213715,4.7778603807631965,95.68910331427827,7.260214651694241e-11,5247541.881281534,0.0004521464422886361,0.0003809829307992869,147165751379.26733,42.18914758164544,0,439993602493.68665,439993602493.68665,11314563320.292326,439993602493.6871,2797085802.455368,434866935382.0822,2329581309.149351,0,0,0,428679039173.3947,0.7256850880469495,17.452710674637654,21,93,1036060,2864643,993063,1837619,0.9584995077505164,0.6414827257707156,0.9983485108425121,6132,18919,4935.498371699079,13719.665785061008,216.19201015041378,2984.21784904235,6,56,0,14,0.11932902257310796,0.11581341447804813,0.8025208299864627,0.5894140263811095,0.24171647675572763,0.9953689644488797,89,0,0,0.14384287041235605,3250.749961303229,0,21432.26081749491,180.63111273959925,0,339.9532974797456,0,83.03611232336284,178,0.7524838958215438,3.351276041300875e-145,604.5948985066643,1.0894160461575257e-141,1.403417268872886e-142,191174.14369128348,-191174.14369128348,4.742469845541517e-149,4.821192479236002e-149,0.970126908924243,0.9843588066286074,1,4.821192479236002e-149,1,0.017892513042975906,0,0.08165144983600645,1,0.8023391871116453,0,0,3.351276041300875e-145,6003.8538845588,1421201.3911521628,0,0,5.5818747520154665e-149,0,0
690,9508578,941553,4026575,875058,3665392,0.9139156640086568,0.7043180894378227,0.40547749164393987,0.9735991440183565,0.00048514089067787,0.8967783616014929,0.10273649750782925,52903,211476,0,1492.5702051776025,1178.5164079091448,1.2664823291053144,12.450949358991767,182.48616184639965,628.6684678586364,11357.720993269311,1526.5557454564387,3.4450199483497967,62.23880692295569,0,6035257.253870222,0.000005055276150751202,0,121559951821.14958,59.19642454256011,0,440973911729.30597,440973911729.30597,14192220216.407814,440973911729.3063,3630500393.2326493,435013822720.89856,2329588615.174905,0,0,0,426781691512.89886,0.7303054573988615,20.92195974475083,21,93,830278,2307279,749962,1541413,0.9032661349572071,0.6680652838256665,0.9949939510241542,6081,18863,4179.244428830893,10663.772607762448,319.49116389361023,4131.118155696885,9,66,2,18,0.05886628089406002,0.07982952822207925,0.7882246917201435,0.6050436728910639,0.17283547310602712,0.9973111810668385,49,0,0,0.08287424004659452,3502.411340771207,0,17284.55332076096,234.66356934963045,0,387.28174160328433,0,29.636112323362838,178,0.6779673618265359,1.3296540886097787e-193,610.6027053538331,4.656995559249693e-190,5.555621144123913e-191,65435.53458423492,-65435.53458423492,5.789863774726438e-197,6.005751669434277e-197,1,0.9654436820072517,1,6.005751669434277e-197,1,0.002251458773683133,0,0.4988284706821865,0,0.7953866400474219,0,0,1.3296540886097787e-193,4670.992190889565,1262474.6397341203,0,0,2.846620234568522e-197,0,0
720,8649598,1419661,3447766,497625,3284546,0.7770370259276616,0.8882369214282315,0.7024111097934833,0.9841799439357354,0,0.0010888367297532209,0.9989111632702468,168533,654253,0,2143.7493088285555,1475.9046838262586,1.452498479285885,14.745247752796837,219.48095746744374,684.5703613383753,13048.64347399262,1742.3314965837144,3.119042167655568,59.45228061950734,0,5242967.8329064585,2.0622620986498488e-7,0,111736479299.51051,76.14285174343415,0,441934757056.7688,441934757056.7688,18542569734.146008,441934757056.76904,3884246055.7421327,435712541553.3328,2337969447.6939197,0,0,0,423392187322.6238,0.7569160099152725,21.801148909879075,21,93,724402,1884906,599063,1375964,0.8269759056435515,0.7299907793810407,0.9694373156445604,6019,18775,3660.420456658284,8087.682340577575,455.9285244898721,5370.4550959920825,15,84,6,35,0.012170926522490067,0.05447420433519466,0.7508093822881541,0.563281408514327,0.11792037319684727,0.9985774367204927,15,0,0,0.03659263917507984,3697.3384234956047,0,13696.806991705911,272.1177153193961,0,449.27932339123896,0,17.8,178,0.5950170077075019,7.837334697835986e-233,650.4835702777265,2.8977278716104306e-229,3.4639621373384695e-230,32676.025270135673,-32676.025270135673,4.929141319393701e-236,5.283694844448628e-236,1,0.932765889550462,1,5.283694844448628e-236,1,0,0,0.93847540537041,0,0,0,0,7.837334697835986e-233,3404.437378433662,1074639.4252954295,0,0,2.3020939517007193e-236,0,0
750,7347419,1602827,2533991,275300,2935301,0.7761040007077904,0.9579299183057068,0.8323509544509657,0.9938381731315893,0,0,0.9990829432757271,559959,1029531,0,3937.1002458964163,1695.193696991814,2.322507600684778,16.007901611323508,148.98267121826925,633.0542811984043,13050.985572846686,1970.1928453403902,4.24918063303442,87.60069520921765,0,5734509.9557984015,8.53394983198038e-9,0,80385841828.87697,90.2394537944852,0,482622363417.25757,482622363417.25757,28927525151.607315,482622363417.2578,3892595088.58856,476395717660.0369,2334050668.6321583,0,0,0,453694838265.6535,0.796802845390343,20.851882582881963,21,93,673338,1475260,496893,1215116,0.7379547864519751,0.8236622697016119,0.9861282402326292,5941,18687,3080.9595089467916,5755.074883203558,618.8637833240388,6868.219146140813,18,87,6,48,0.000912994831299737,0.03782645058647639,0.7130416338773015,0.5784668097988105,0.08288888955035825,0.9992539170122378,8,0,0,0.014401611453894285,4010.386307248374,0,10615.009149425463,293.9785205419259,0,526.1590348634284,0,17.8,178,0.5116836743741688,2.0398678165026533e-264,728.662738295196,8.18065795989888e-261,1.0113949113174667e-261,28820.67028257612,-28820.67028257612,1.2829357336494674e-267,1.4536374968242419e-267,1,0.8823896858456964,1,1.4536374968242419e-267,1,0,0,0,0,0,0,0,2.0398678165026533e-264,2481.616260162537,845922.1116517927,0,0,8.21991638775388e-268,0,0
780,5625018,1559681,1565934,83458,2415945,0.79965158856737,0.9832133965083873,0.9280403797618705,0.9977508869326811,0.0019432826703843437,0.0000012444404622349654,0.9980554728891534,918871,1439598,0,6312.655304257386,1594.6935536027408,3.9585381717984616,16.261795600580193,109.61454775814181,611.220800618872,12995.008408160329,3178.5489610465784,5.576091979757062,118.55185898164783,0,4976861.592585854,2.848349691523831e-9,0,78259782737.04901,108.53513954264764,0,880906253377.4529,880906253377.4529,35508799714.24862,880906253377.4528,5748030100.391592,857681927538.1844,17476295738.877033,0,0,0,845397453663.2098,0.6746936925727084,18.864303674733307,21,93,590402,1161596,322162,859900,0.5456654957130904,0.7402745877224095,0.8158062876642707,5861,18527,2359.016847787265,4170.975838921488,876.2769770164633,8211.967348524044,21,87,9,61,0.00005701331079491846,0.029019400777190844,0.5349083682731975,0.605824219623469,0.06566093901580261,0.9994256423612135,8,0,0,0.00738525762503533,4477.032075538826,0,8419.269513888565,313.4216562487642,0,598.4768441638872,0,17.8,178,0.4283503410408358,2.6060462948846007e-289,826.9709496101734,1.166735285253747e-285,1.4753868258751811e-286,15541.947812070335,-15541.947812070335,1.6390228269714467e-292,2.0189043851577446e-292,0.5829514710285922,0.8116019833150769,1,2.0189043851577446e-292,1,0,0,0,0,0,0,0,2.6060462948846007e-289,1815.701401057327,645547.8474916536,0,0,1.4352835181858849e-292,0,0
810,3621121,1032323,711950,65512,1811336,1.0760058775203194,0.9927644176887196,0.9669999419395348,0.9970373855281103,0,0.0037585046177689174,0.9962414953822311,1138834,1453419,0,11527.809110767495,1374.2517818993083,8.388425805666621,15.988897812426513,95.33794430999778,600.137063639177,13210.524069246581,4040.900159990998,6.294839562386521,138.56522882737715,0,4078154.9795197854,2.848349691523831e-9,0,70372096749.25102,107.85555921019156,0,1533871349742.048,1533871349742.048,41743591654.99551,1533871349742.048,9966187117.704605,1485575327302.165,38329835322.17818,0,0,0,1492127758087.0566,0.4478940055078405,16.555786446566547,21,93,437056,835312,138818,431068,0.31762062527456436,0.516056275978317,0.2415968511757511,5770,18378,1548.946576540585,2893.561805013518,1063.7388294133564,9232.042972862919,21,90,13,78,4.74821514190134e-7,0.016440870472051287,0.31488804580898044,0.6351911647852361,0.03559026782686563,0.9994364562688577,8,0,0,0.005447702717643363,5028.718286876843,0,6712.855316025866,339.90792616041176,0,661.2826477611937,0,17.8,178,0.3450170077075028,0,929.9990322716839,0,0,0,0,0,3.7530307403549105e-308,0,0.7169305597363819,1,3.7530307403549105e-308,1,0,0,0,0,0,0,0,0,1234.0301163278089,443106.0336105149,0,0,0,0,0
840,1198079,71969,22930,27445,1075735,11.624780029294302,0.9950829437187875,0.9812615743229306,0.9983767921561834,0,0.012232081523839413,0.9877679184761606,809758,1234879,0,40134.829182055095,1193.6991710375387,33.62223092370143,15.932410246389649,91.55287324384254,612.3406651408412,13766.355020780982,4397.405761314749,6.688382826718382,150.36507903051364,0,1770004.355640429,2.848349691523831e-9,0,64361449302.59153,100.13337982949864,0,1535051732888.8682,1535051732888.8682,48084696011.6114,1535051732888.8672,9960095388.21692,1486726154722.6047,38365482778.045334,0,0,0,1486967036877.26,0.02203825956073996,13.811384980618483,21,93,281190,622375,4403,15510,0.015658451580781677,0.02492066680056236,0.013695583926329007,5663,18204,974.9656866496094,2260.417455802905,1198.3405060945183,9914.257984622154,21,90,17,84,0,0.010759501366468376,0,0.6360288336204035,0.02276467658086557,0.9994364562688577,8,0,0,0.004995165752230091,5627.285598617712,0,5682.528127542881,375.7687123480138,0,727.417957449969,0,17.8,178,0.26168367437416973,0,1034.22251040631,0,0,0,0,0,3.7530307403549105e-308,0,0.5949031928873885,1,3.7530307403549105e-308,1,0,0,0,0,0,0,0,0,898.7175395701429,322953.4472779696,0,0,0,0,0
870,13685,0,0,88,13597,0,0.9202960853413741,0.9935991929799071,0.9291237710910681,0,0,1,322,1027,0,3866997.0967257107,1093.1592926764968,3537.4506923485374,15.932410246389649,95.1572120722899,642.7342641375585,14417.575736706507,4706.454627113677,6.754446143811783,151.5132213599704,0,11855.521995471701,2.848349691523831e-9,0,58270348320.07467,93.34819599378044,0,1486095441907.5957,1486095441907.5957,52919855268.69532,1486095441907.5942,9932389845.753439,1436715556904.5342,39447495157.30654,0,0,0,1433175586638.9028,0,10.836265621045255,21,93,121728,350833,0,0,0,0,0,5563,18031,609.6256997725667,1924.2512999443495,1338.3405864662625,10336.73017385053,21,90,19,85,0,0.007823543672079821,0,0.6388217350659023,0.016410415901909687,0.9994364562688577,8,0,0,0.004897387502366581,6174.610411861495,0,4526.664747683252,407.78177989056104,0,795.6965882018834,0,17.8,178,0.1783503410408367,0,1108.4773337011595,0,0,0,0,0,3.7530307403549105e-308,0,0.4420476605458748,1,3.7530307403549105e-308,1,0,0,0,0,0,0,0,0,703.854722143588,252946.05630370753,0,0,0,0,0
900,11765,0,0,124,11641,0,0.9711743489086025,0.9976850744457373,0.9731317353720266,0,0,1,1027,1920,0,4649082.771318797,1039.3141883532237,4473.221691205036,15.932410246389649,97.13390061134892,682.1891213319547,15213.45783169855,5002.574294323904,7.023182607085061,156.62356536643645,0,10192.197024240011,2.848349691523831e-9,0,50089783365.629265,89.64697733967967,0,1486154544763.9631,1486154544763.9631,54696458804.569595,1486154544763.9617,9932120205.753439,1436772912828.3867,39449511729.821465,0,0,0,1431458085959.396,0,8.202585123178634,21,93,111156,329533,0,0,0,0,0,5466,17864,546.6000000000001,1790.3000000000002,1478.3247640913764,10589.825666888839,21,90,21,89,0,0.006432149225357965,0,0.6470255616683769,0.013556058233457033,0.9994364562688577,8,0,0,0.004876400499395704,6641.67424157104,0,4197.336835477061,432.77151429240286,0,848.2168672141194,0,17.8,178,0.0950170077075035,0,1179.525052154171,0,0,0,0,0,3.7530307403549105e-308,0,0.25489174048961816,1,3.7530307403549105e-308,1,0,0,0,0,0,0,0,0,649.138888888889,233299.63091076512,0,0,0,0,0
930,9171,0,0,136,9035,0,0.9895747876059828,0.9991627805204941,0.9900701767926923,0,0,1,1920,2594,0,6172761.132010749,1013.4395094636419,6090.902391675704,15.932410246389649,98.38675125915155,677.9918565571801,15743.986462635956,5274.156519739907,6.891088971637489,160.02140797561412,0,7944.975682898866,2.848349691523831e-9,0,37179765904.73823,87.64651936389791,0,1377324025291.8164,1377324025291.8164,56610392341.67452,1377324025291.8157,7191922345.074493,1314969698891.1733,55162404055.56753,0,0,0,1320713632950.1448,0,6.221539872588237,21,93,110048,327126,0,0,0,0,0,5372,17696,537.1999999999999,1770.5,1535.9893543770079,10704.96675047722,21,90,21,90,0,0.0038279825586913017,0,0.6470267004109233,0.007847330992745307,0.9994364562688577,8,0,0,0.0048718958747454005,7071.909294655788,0,3211.344108927245,453.37842130864016,0,885.6355398339982,0,17.8,178,0.011683674374170153,0,1243.9650558212475,0,0,0,0,0,3.7530307403549105e-308,0,0.02996321049639657,1,3.7530307403549105e-308,1,0,0,0,0,0,0,0,0,641.0277777777778,230622.90868854287,0,0,0,0,0
960,10,0,0,0,10,0,0.9962269050401703,0.9996972099359425,0.9962269050401703,0,0,1,2559,8995,0,5855104088.830862,992.166200165976,5901333.957810075,15.932410246389649,99.33320496657005,642.7634695258389,16262.161896909134,5475.120937591222,6.470781545226058,163.7132507944555,0,8.663150891831714,2.848349691523831e-9,0,20180161214.565556,87.10588846114072,0,1314279378433.2424,1314279378433.2424,58551040888.312546,1314279378433.2415,7191904896.5040655,1246069448479.685,61018025057.052246,0,0,1,1255728337544.933,0,4.74424057705222,21,93,108819,325099,0,0,0,0,0,5289,17532,528.9,1754.0999999999995,1584,10767.588542110165,21,90,21,90,0,0.002415111149541144,0,0.6470279061383665,0.004822324330774232,0.9994364562688577,8,0,0,0.0048709290074059304,7437.843406260395,0,3071.2755917658005,468.5127555299399,0,908.0159003613063,0,17.8,178,0,0,1291.9318983601509,0,0,0,0,0,3.7530307403549105e-308,0,0,1,3.7530307403549105e-308,1,0,0,0,0,0,0,0,0,634.1666666666666,228198.6222955956,0,0,0,0,0
990,0,0,0,0,0,0,0,0,0,0,0,0,0,0,0,0,542.8223510237838,0,15.932410246389649,100.00527538994073,613.5465541356024,13792.168795575622,3686.2373073963504,6.135141888697977,137.91441243271592,0,0,2.848349691523831e-9,0,10357061623.123606,72.33601583521772,0,1310047399285.8406,1310047399285.8406,58551040888.312546,1310047399285.8396,7188656870.333057,1240660068610.8916,62198673804.614815,0,0,1,1251496358397.5312,0,3.6430656368141556,21,93,107619,323118,0,0,0,0,0,5198,17374,519.8,1738.3,1574,10835.16589032584,21,90,21,90,0,0.0016710635304935226,0,0.6470291849403482,0.0033708015844660997,0.9994364562688577,8,0,0,0.004912457371520638,6204.475231790168,0,2952.3638952083334,462.7147983347615,0,920.2788894232924,0,17.8,178,0,0,709.0041066034609,0,0,0,0,0,3.7530307403549105e-308,0,0,1,3.7530307403549105e-308,1,0,0,0,0,0,0,0,0,627.2500000000001,225719.45562892893,0,0,0,0,0
1020,0,0,0,0,0,0,0,0,0,0,0,0,0,0,0,0,350.8815144893648,0,15.932410246389649,100.43799828954705,603.7633333922917,11007.53654480717,2598.713105932534,6.011303925549535,109.59533973461082,0,0,2.848349691523831e-9,0,6345489848.445107,65.98719428645809,0,1309961399685.031,1309961399685.031,58551040888.312546,1309961399685.03,7185639068.293673,1240549633337.5273,62226127279.208984,0,0,1,1251410358796.722,0,2.8342916925543555,21,93,106462,321225,0,0,0,0,0,5114,17226,511.40000000000003,1723.4999999999995,1595,10929.498909869035,21,90,21,90,0,0.0012990397209697144,0,0.647029184940442,0.002873108907550235,0.9994364562688577,8,0,0,0.004936885606177204,4348.291312363559,0,2887.780561875,412.65928008118755,0,926.9406187425183,0,17.8,178,0,0,474.1575528141771,0,0,0,0,0,3.7530307403549105e-308,0,0,1,3.7530307403549105e-308,1,0,0,0,0,0,0,0,0,620.8055555555558,223399.45562892893,0,0,0,0,0
1050,0,0,0,0,0,0,0,0,0,0,0,0,0,0,0,0,280.810663640174,0,15.932410246389649,100.69421177072728,600.5455787437246,9327.883313859713,2016.246768786822,5.964052632053163,92.63574489364456,0,0,2.848349691523831e-9,0,4560963686.552958,63.669462761246734,0,1309957918394.5847,1309957918394.5847,58551040888.312546,1309957918394.584,6352211740.259423,1240402692697.2158,63203013957.10859,0,0,1,1251406877506.2766,0,2.254191532960189,21,93,105712,319305,0,0,0,0,0,5028,17077,502.8,1708.6000000000004,1585,10963.554266655588,21,90,21,90,0,0.0009270159114459062,0,0.6470305436673804,0.0022435309809128714,0.9994364562688577,8,0,0,0.004942128851997445,3169.0627739571632,0,2825.733022701286,355.9592385566794,0,930.5645169994735,0,17.8,178,0,0,389.79298089196834,0,0,0,0,0,3.7530307403549105e-308,0,0,1,3.7530307403549105e-308,1,0,0,0,0,0,0,0,0,614.2777777777779,221049.45562892893,0,0,0,0,0
1080,0,0,0,0,0,0,0,0,0,0,0,0,0,0,0,0,255.187143383223,0,15.932410246389649,100.83624034413468,599.511166970971,8480.347460344547,1712.5302358207389,5.9453938874055074,84.10019484465856,0,0,2.848349691523831e-9,0,3407978459.845734,62.82191431611302,0,1309769351438.992,1309769351438.992,58551040888.312546,1309769351438.991,6089980353.3586235,1239677150945.2983,64002220140.33396,0,0,1,1251218310550.6836,0,1.8376413056136816,21,93,104814,317460,0,0,0,0,0,4968,16928,496.79999999999995,1693.6999999999996,1637,10995.887286198782,21,90,21,90,0,0.0005549921019220979,0,0.647031990054178,0.0014665668124905168,0.9994364562688577,8,0,0,0.004943254255527298,2560.304158727215,0,2772.317663584517,313.8621532582618,0,932.5220323739712,0,17.8,178,0,0,359.54698320084657,0,0,0,0,0,3.7530307403549105e-308,0,0,1,3.7530307403549105e-308,1,0,0,0,0,0,0,0,0,608.4722222222223,218959.45562892893,0,0,0,0,0
1110,0,0,0,0,0,0,0,0,0,0,0,0,0,0,0,0,245.82263282518775,0,15.932410246389649,100.91101229209079,599.188688859686,8088.447242641816,1560.2492574240264,5.937792865711339,80.15425728987334,0,0,2.848349691523831e-9,0,2913424118.193343,62.51216466878469,0,1269522969155.1814,1269522969155.1814,58551040888.312546,1269522969155.1804,6075888319.587795,1198796455377.2297,64650625458.36277,0,0,0,1210971928266.873,0,1.5451106252493307,21,93,103715,315814,0,0,0,0,0,4899,16782,489.9,1679.0999999999997,1658,11029.16756947455,21,90,21,90,0,0.00018296829239828805,0,0.6470335328668789,0.0005267154102196753,0.9994364562688577,8,0,0,0.004943495810477715,2274.8660252216678,0,2757.3731560620786,288.0936673115888,0,933.5626048193747,0,17.8,178,0,0,348.7281500441313,0,0,0,0,0,3.7530307403549105e-308,0,0,1,3.7530307403549105e-308,1,0,0,0,0,0,0,0,0,602.5,216809.45562892893,0,0,0,0,0
1140,0,0,0,0,0,0,0,0,0,0,0,0,0,0,0,0,242.41472561285903,0,15.932410246389649,100.94879512458692,599.0760333371405,7916.451857603163,1486.6454104274383,5.934454518231596,78.4204689895803,0,0,2.848349691523831e-9,0,2422014352.3952155,62.39944141959782,0,816197880794.3016,816197880794.3016,58551040888.312546,816197880794.3011,4220426595.763605,747173068047.5189,64804386151.01868,0,0,0,757646839905.9923,0,1.3333854820918492,21,93,103045,314268,0,0,0,0,0,4863,16660,486.29999999999995,1666.8999999999994,1487,11134.958907835538,21,90,21,90,0,0.0007822039072039081,0,0.647034759205572,0.001959466786095377,0.9994364562688577,8,0,0,0.00494354765726151,2148.316792593476,0,2513.150740171029,273.9830297862236,0,934.1030577422421,0,17.8,178,0,0,344.86840280142155,0,0,0,0,0,3.7530307403549105e-308,0,0,1,3.7530307403549105e-308,1,0,0,0,0,0,0,0,0,598.1111111111113,214852.74622721953,0,0,0,0,0
1170,0,0,0,0,0,0,0,0,0,0,0,0,0,0,0,0,241.18628683787048,0,15.932410246389649,100.96726414757832,599.0392697194546,7843.550039730674,1451.8881354069642,5.93300486823008,77.6840900459201,0,0,2.848349691523831e-9,0,1688020812.517549,62.35880838544628,0,66683658000.39319,66683658000.39319,58551040888.312546,66683658000.392784,2269578.450591485,1817179373.3294897,64864209048.61269,0,0,0,8132617112.0842085,0,1.187747860294621,21,93,103098,312622,0,0,0,0,0,4905,16539,490.49999999999994,1654.799999999999,1131,11187.303429786964,21,90,21,90,0,0.0022685993272397675,0,0.6470360500896736,0.005614526029555067,0.9994364562688577,8,0,0,0.004943558785318904,2094.242547749273,0,2140.202117389006,266.79787020408844,0,934.3721841688803,0,17.8,178,0,0,343.4954698636611,0,0,0,0,0,3.7530307403549105e-308,0,0,1,3.7530307403549105e-308,1,0,0,0,0,0,0,0,0,595.9166666666666,213000.73314533595,0,0,0,0,0
1200,0,0,0,0,0,0,0,0,0,0,0,0,0,0,0,0,240.75093601286025,0,15.932410246389649,100.97604899746433,599.028614332172,7813.433239571716,1433.4472005798461,5.932383176798832,77.37907471273631,0,0,2.848349691523831e-9,0,586391243.489033,62.344408298685174,0,66581540328.05719,66581540328.05719,58551040888.312546,66581540328.056786,1890.3796242378123,487714342.38531494,66093824095.29184,0,0,0,8030499439.74822,0,1.1024148725069294,21,93,101870,311366,0,0,0,0,0,4805,16417,480.5,1642.5999999999995,1118,11271.80110325195,21,90,21,90,0,0.0011525278986683415,0,0.647037410749237,0.003054796881570078,0.9994364562688577,8,0,0,0.004943561173559199,2071.736406926053,0,2164.5527661490787,263.3221015476428,0,934.5011347181663,0,17.8,178,0,0,343.00875100922406,0,0,0,0,0,3.7530307403549105e-308,0,0,1,3.7530307403549105e-308,1,0,0,0,0,0,0,0,0,589.75,211478.53462801687,0,0,0,0,0
1230,0,0,0,0,0,0,0,0,0,0,0,0,0,0,0,0,240.6009102760925,0,15.932410246389649,100.98013321903612,599.0257897958688,7801.198139527039,1425.435373527791,5.932115265648554,77.25478161734497,0,0,2.848349691523831e-9,0,208085168.15522757,62.33944590169005,0,66424941344.33359,66424941344.33359,58551040888.312546,66424941344.33318,0,310902956.6837466,66114038387.64943,0,0,0,7873900456.024615,0,1.0509768444417213,21,93,100740,309784,0,0,0,0,0,4715,16319,471.49999999999994,1632.7999999999995,1121,11387.298776716936,21,90,21,90,0,0.00037032399146443246,0,0.6470388470009983,0.001063430073014586,0.9994364562688577,8,0,0,0.00494356168589595,2062.553163782063,0,2135.641626246633,261.70377406673674,0,934.5613639604032,0,17.8,178,0,0,342.8368627764531,0,0,0,0,0,3.7530307403549105e-308,0,0,1,3.7530307403549105e-308,1,0,0,0,0,0,0,0,0,584.5277777777778,210108.80397428622,0,0,0,0,0
1260,0,0,0,0,0,0,0,0,0,0,0,0,0,0,0,0,240.55152771227856,0,15.932410246389649,100.98199564566688,599.0251672589669,7796.189256544122,1421.6256666232402,5.93199969389465,77.203755052534,0,0,2.848349691523831e-9,0,81093697.54094292,62.337812476042146,0,66355389200.64739,66355389200.64739,58551040888.312546,66355389200.64699,0,244278507.13981217,66111110693.50717,0,0,0,7804348312.33842,0,1.0221943276983676,21,93,99803,308288,0,0,0,0,0,4644,16203,464.4,1621.1999999999996,1111,11411.61920153811,21,90,21,90,0,0,0,0.6470403653242889,0,0.9994364562688577,8,0,0,0.004943561795591084,2058.8641779714,0,2131.3677913167066,260.97227844971576,0,934.5889836055037,0,17.8,178,0,0,342.7764233192117,0,0,0,0,0,3.7530307403549105e-308,0,0,1,3.7530307403549105e-308,1,0,0,0,0,0,0,0,0,579.3333333333335,208469.45562892893,0,0,0,0,0
1290,0,0,0,0,0,0,0,0,0,0,0,0,0,0,0,0,240.53651941734262,0,15.932410246389649,100.98283093738887,599.0250961031419,7794.207855230578,1420.7893255814936,5.931949922007514,77.18349528211508,0,0,2.848349691523831e-9,0,36877011.783781074,62.337316047100714,0,65459212561.742676,65459212561.742676,58551040888.312546,65459212561.742294,0,0,65459212561.74228,0,0,0,6908171673.433723,0,1.0061947048666169,21,93,98852,306807,0,0,0,0,0,4577,16089,457.69999999999993,1609.7999999999993,1132,11496.116875003096,21,90,21,90,0,0,0,0.6470419729607143,0,0.9994364562688577,8,0,0,0.004943561818863723,2057.4010259868023,0,1743.6325689910775,260.64937980886566,0,934.6014709286562,0,17.8,178,0,0,342.75527748927095,0,0,0,0,0,3.7530307403549105e-308,0,0,1,3.7530307403549105e-308,1,0,0,0,0,0,0,0,0,574.3055555555555,206659.45562892893,0,0,0,0,0
1320,0,0,0,0,0,0,0,0,0,0,0,0,0,0,0,0,232.9348705794874,0,15.932410246389649,100.98320020852297,599.025129567238,7784.705071574883,1419.2113947074952,5.931928561684464,77.08911042133774,0,0,2.848349691523831e-9,0,21357263.067797415,62.08587652636472,0,65257525132.29442,65257525132.29442,58551040888.312546,65257525132.29404,0,0,65257525132.29402,0,0,0,6706484243.985462,0,1,21,93,97944,305611,0,0,0,0,0,4509,15979,450.8999999999999,1598.7999999999993,1122,11583.46139695452,21,90,21,90,0,0,0,0.64704367802965,0,0.9994364562688577,8,0,0,0.004943561823586737,2056.826861862268,0,1401.6180580419755,260.50958632764485,0,934.6070515716096,0,17.8,178,0,0,342.7479217968579,0,0,0,0,0,3.7530307403549105e-308,0,0,1,3.7530307403549105e-308,1,0,0,0,0,0,0,0,0,569.3611111111113,204879.45562892893,0,0,0,0,0
1350,0,0,0,0,0,0,0,0,0,0,0,0,0,0,0,0,234.49969625744993,0,15.932410246389649,100.98336141474277,599.0251643475107,7789.975090302171,1419.3702767618843,5.931919436582131,77.14117435949103,0,0,2.848349691523831e-9,0,15780084.570729682,62.13763622046463,0,65257525132.29442,65257525132.29442,58551040888.312546,65257525132.29404,0,0,65257525132.29402,0,0,0,6706484243.985462,0,1,21,93,97045,304391,0,0,0,0,0,4442,15888,444.2,1589.6999999999996,1112,11677.959070419507,21,90,21,90,0,0,0,0.6470454896653931,0,0.9994364562688577,8,0,0,0.004943561824328287,2056.603608388485,0,1398.2265595040467,260.4500401563548,0,934.6095210060424,0,17.8,178,0,0,342.7453802216258,0,0,0,0,0,3.7530307403549105e-308,0,0,1,3.7530307403549105e-308,1,0,0,0,0,0,0,0,0,564.9722222222223,203299.45562892893,0,0,0,0,0
1380,0,0,0,0,0,0,0,0,0,0,0,0,0,0,0,0,237.16267405221268,0,15.932410246389649,100.98343101191976,599.0251855863279,7791.874089227148,1419.1024668499624,5.931915558658537,77.1599262487667,0,0,2.848349691523831e-9,0,13756238.879588563,62.22571946065737,0,65257525132.29442,65257525132.29442,58551040888.312546,65257525132.29404,0,0,65257525132.29402,0,0,0,6706484243.985462,0,1,21,93,96305,302997,0,0,0,0,0,4376,15794,437.59999999999997,1580.2999999999995,1102,11734.456743884493,21,90,21,90,0,0,0,0.6470474181808628,0,0.9994364562688577,8,0,0,0.004943561824215263,2056.5174971146957,0,1393.5585943123701,260.42502408492396,0,934.6106042277761,0,17.8,178,0,0,342.7445089767775,0,0,0,0,0,3.7530307403549105e-308,0,0,1,3.7530307403549105e-308,1,0,0,0,0,0,0,0,0,560.5277777777777,201699.45562892893,0,0,0,0,0
1410,0,0,0,0,0,0,0,0,0,0,0,0,0,0,0,0,238.88423864070322,0,15.932410246389649,100.98346076363873,599.0251965654546,7792.55852586056,1419.0664832404932,5.931913919721263,77.16668122614429,0,0,2.848349691523831e-9,0,13023867.05160547,62.282663603208455,0,65257525132.29442,65257525132.29442,58551040888.312546,65257525132.29404,0,0,65257525132.29402,0,0,0,6706484243.985462,0,1,21,93,95492,301636,0,0,0,0,0,4322,15688,432.19999999999993,1569.6999999999996,1123,11729.901681082054,21,90,21,90,0,0,0,0.6470494752640304,0,0.9994364562688577,8,0,0,0.00494356182391881,2056.484522113521,0,1389.0190503470014,260.41463919481197,0,934.6110756562341,0,17.8,178,0,0,342.744213135151,0,0,0,0,0,3.7530307403549105e-308,0,0,1,3.7530307403549105e-308,1,0,0,0,0,0,0,0,0,556.0833333333334,200099.45562892893,0,0,0,0,0
1440,0,0,0,0,0,0,0,0,0,0,0,0,0,0,0,0,239.7811925756227,0,15.932410246389649,100.98347337017213,599.0252017888663,7792.80527155083,1419.957328474038,5.931913230920839,77.16911501929602,0,0,2.848349691523831e-9,0,12763662.964882698,62.31233212280585,0,65257157518.7047,65257157518.7047,58551040888.312546,65257157518.7043,0,0,65257157518.7043,0,0,0,6706116630.395734,0,1,21,93,94676,300313,0,0,0,0,0,4264,15587,426.3999999999999,1559.5999999999995,1144,11725.24620303348,21,90,21,90,0,0,0,0.6470516742150025,0,0.9994364562688577,8,0,0,0.004943561823582989,2056.4719778292797,0,1382.7130429683573,260.4103728962478,0,934.6112793511915,0,17.8,178,0,0,342.74411383240044,0,0,0,0,0,3.7530307403549105e-308,0,0,1,3.7530307403549105e-308,1,0,0,0,0,0,0,0,0,551.6666666666666,198509.4556289289,0,0,0,0,0
1470,0,0,0,0,0,0,0,0,0,0,0,0,0,0,0,0,240.20481035991503,0,15.932410246389649,100.98347866957825,599.0252041527111,7792.894250270811,1418.5883337564073,5.931912943034416,77.16999209117617,0,0,2.848349691523831e-9,0,12668265.244991915,62.326344116115415,0,65257157518.7047,65257157518.7047,58551040888.312546,65257157518.7043,0,0,65257157518.7043,0,0,0,6706116630.395736,0,1,21,93,93873,299171,0,0,0,0,0,4208,15487,420.79999999999995,1549.5999999999992,1165,11711.619364122078,21,90,21,90,0,0,0,0.6470540302339014,0,0.9994364562688577,8,0,0,0.004943561823238716,2056.4672348998156,0,1380.0751414615402,260.4086363402813,0,934.6113667779045,0,17.8,178,0,0,342.74408097666617,0,0,0,0,0,3.7530307403549105e-308,0,0,1,3.7530307403549105e-308,1,0,0,0,0,0,0,0,0,547.3333333333334,196949.4556289289,0,0,0,0,0
1500,0,0,0,0,0,0,0,0,0,0,0,0,0,0,0,0,240.39390614826294,0,15.932410246389649,100.98348088132998,599.0252051871618,7792.92634664804,1418.8622250969306,5.931912823356742,77.17030823888753,0,0,2.848349691523831e-9,0,12633940.673834516,62.33259883208685,0,65240196097.57335,65240196097.57335,58551040888.312546,65240196097.57297,0,0,65240196097.57295,0,0,0,6689155209.264394,0,1,21,93,93061,297949,0,0,0,0,0,4147,15400,414.69999999999993,1540.8999999999994,1155,11769.117037587064,21,90,21,90,0,0,0,0.6470565607727183,0,0.9994364562688577,8,0,0,0.00494356182289263,2056.4654519686583,0,1305.680606758141,260.407935306673,0,934.6114040689581,0,17.8,178,0,0,342.74407030474663,0,0,0,0,0,3.7530307403549105e-308,0,0,1,3.7530307403549105e-308,1,0,0,0,0,0,0,0,0,543.2222222222223,195469.4556289289,0,0,0,0,0
1530,0,0,0,0,0,0,0,0,0,0,0,0,0,0,0,0,240.47527638556255,0,15.932410246389649,100.98348179841155,599.025205629052,7792.937928359909,1418.8346819903009,5.931912773861939,77.17042222723688,0,0,2.848349691523831e-9,0,12621821.8361602,62.33529031309383,0,65231191770.00929,65231191770.00929,58551040888.312546,65231191770.00892,0,0,65231191770.0089,0,0,0,6680150881.70035,0,1,21,93,92365,296772,0,0,0,0,0,4088,15309,408.8,1531.7999999999993,1145,11826.61471105205,21,90,21,90,0,0,0,0.6470592859683675,0,0.9994364562688577,8,0,0,0.004943561822546153,2056.464785453221,0,1256.0492589240366,260.4076544078615,0,934.6114198826688,0,17.8,178,0,0,342.7440669225644,0,0,0,0,0,3.7530307403549105e-308,0,0,1,3.7530307403549105e-308,1,0,0,0,0,0,0,0,0,539.0555555555558,193969.4556289289,0,0,0,0,0
1560,0,0,0,0,0,0,0,0,0,0,0,0,0,0,0,0,240.50940051883913,0,15.932410246389649,100.98348217640954,599.0252058144024,7792.942109074255,1419.351065409154,5.931912753493253,77.17046333835715,0,0,2.848349691523831e-9,0,12617515.599688793,62.33641903607217,0,65231191770.00929,65231191770.00929,58551040888.312546,65231191770.00892,0,0,65231191770.00892,0,0,0,6680150881.700352,0,1,21,93,91615,295591,0,0,0,0,0,4037,15223,403.69999999999993,1523.1999999999996,1166,11915.112384517039,21,90,21,90,0,0,0,0.6470612222915921,0,0.9994364562688577,8,0,0,0.004943561822199593,2056.464537634951,0,1250.998370132685,260.40754261595106,0,934.6114265520425,0,17.8,178,0,0,342.74406588695604,0,0,0,0,0,3.7530307403549105e-308,0,0,1,3.7530307403549105e-308,1,0,0,0,0,0,0,0,0,535.25,192599.4556289289,0,0,0,0,0
1590,0,0,0,0,0,0,0,0,0,0,0,0,0,0,0,0,240.5234404394868,0,15.932410246389649,100.98348233136166,599.0252058910428,7792.943618820054,1419.442254340613,5.931912745150086,77.17047817036767,0,0,2.848349691523831e-9,0,12615933.906121666,62.336883434125035,0,65231191770.00929,65231191770.00929,58551040888.312546,65231191770.00892,0,0,65231191770.00892,0,0,0,6680150881.700349,0,1,21,93,90886,294415,0,0,0,0,0,3982,15136,398.2,1514.4999999999993,1156,11942.557321714597,21,90,21,90,0,0,0,0.6470632632809373,0,0.9994364562688577,8,0,0,0.004943561821853015,2056.4644459862675,0,1246.2572130263347,260.40749840190256,0,934.6114293503636,0,17.8,178,0,0,342.7440655858834,0,0,0,0,0,3.7530307403549105e-308,0,0,1,3.7530307403549105e-308,1,0,0,0,0,0,0,0,0,531.3055555555555,191179.4556289289,0,0,0,0,0
1620,0,0,0,0,0,0,0,0,0,0,0,0,0,0,0,0,240.5291325571,0,15.932410246389649,100.98348239456244,599.0252059223693,7792.944164261065,1418.8980309083504,5.931912741747797,77.1704835233597,0,0,2.848349691523831e-9,0,12615358.007653445,62.33707171213618,0,65231191770.00929,65231191770.00929,58551040888.312546,65231191770.00892,0,0,65231191770.00892,0,0,0,6680150881.700352,0,1,21,93,90182,293276,0,0,0,0,0,3928,15050,392.8,1505.8999999999992,1146,11969.054995179584,21,90,21,90,0,0,0,0.6470654176585793,0,0.9994364562688577,8,0,0,0.004943561821506435,2056.4644122749914,0,1241.352606817743,260.4074810158877,0,934.611430518783,0,17.8,178,0,0,342.7440655056808,0,0,0,0,0,3.7530307403549105e-308,0,0,1,3.7530307403549105e-308,1,0,0,0,0,0,0,0,0,527.4166666666667,189779.4556289289,0,0,0,0,0
1650,0,0,0,0,0,0,0,0,0,0,0,0,0,0,0,0,240.53141343959692,0,15.932410246389649,100.98348242022104,599.0252059350523,7792.944361411515,1418.979351739621,5.93191274036617,77.17048545605562,0,0,2.848349691523831e-9,0,12615152.522796124,62.33714715682116,0,65230964034.51022,65230964034.51022,58551040888.312546,65230964034.50985,0,0,65230964034.50985,0,0,0,6679923146.201281,0,1,21,93,89461,292182,0,0,0,0,0,3874,14966,387.4,1497.4999999999993,1136,11970.552668644572,21,90,21,90,0,0,0,0.6470676951435149,0,0.9994364562688577,8,0,0,0.004943561821159854,2056.4643999430973,0,1229.3573642625975,260.4074742160704,0,934.6114310044137,0,17.8,178,0,0,342.74406548784174,0,0,0,0,0,3.7530307403549105e-308,0,0,1,3.7530307403549105e-308,1,0,0,0,0,0,0,0,0,523.5833333333334,188399.4556289289,0,0,0,0,0
1680,0,0,0,0,0,0,0,0,0,0,0,0,0,0,0,0,240.5323187517515,0,15.932410246389649,100.98348243059344,599.0252059401464,7792.944432708227,1418.9117183934595,5.931912739807325,77.17048615415264,0,0,2.848349691523831e-9,0,12615077.735437922,62.33717710180535,0,65230859490.66275,65230859490.66275,58551040888.312546,65230859490.66239,0,0,65230859490.66238,0,0,0,6679818602.353812,0,1,21,93,88782,291135,0,0,0,0,0,3823,14890,382.29999999999995,1489.8999999999994,1126,11998.05034210956,21,90,21,90,0,0,0,0.6470701065981527,0,0.9994364562688577,8,0,0,0.004943561820813273,2056.4643954577073,0,1222.8970635774426,260.4074715700589,0,934.6114312053828,0,17.8,178,0,0,342.74406548572625,0,0,0,0,0,3.7530307403549105e-308,0,0,1,3.7530307403549105e-308,1,0,0,0,0,0,0,0,0,520.0555555555555,187129.4556289289,0,0,0,0,0
1710,0,0,0,0,0,0,0,0,0,0,0,0,0,0,0,0,240.5326752561287,0,15.932410246389649,100.98348243476973,599.0252059421783,7792.9444585058,1418.4999551772435,5.931912739582126,77.17048640642446,0,0,2.848349691523831e-9,0,12615050.396135274,62.33718889389041,0,65230859490.66275,65230859490.66275,58551040888.312546,65230859490.66239,0,0,65230859490.66238,0,0,0,6679818602.353813,0,1,21,93,88117,290082,0,0,0,0,0,3773,14810,377.3,1481.8999999999992,1116,11964.423503198157,21,90,21,90,0,0,0,0.6470726642015564,0,0.9994364562688577,8,0,0,0.004943561820466689,2056.4643938360746,0,1218.8551659121244,260.40747054535217,0,934.6114312882094,0,17.8,178,0,0,342.744065486641,0,0,0,0,0,3.7530307403549105e-308,0,0,1,3.7530307403549105e-308,1,0,0,0,0,0,0,0,0,516.4444444444445,185829.4556289289,0,0,0,0,0
1740,0,0,0,0,0,0,0,0,0,0,0,0,0,0,0,0,240.53281471343536,0,15.932410246389649,100.98348243644504,599.0252059429843,7792.944467845694,1418.665751138843,5.931912739491696,77.17048649763352,0,0,2.848349691523831e-9,0,12615040.761439405,62.33719350671575,0,65230859490.66275,65230859490.66275,58551040888.312546,65230859490.66239,0,0,65230859490.66238,0,0,0,6679818602.353814,0,1,21,93,87436,289051,0,0,0,0,0,3723,14733,372.3,1474.1999999999994,1106,11961.868440395718,21,90,21,90,0,0,0,0.6470753816551726,0,0.9994364562688577,8,0,0,0.004943561820120107,2056.4643932535682,0,1214.747577654542,260.4074701503349,0,934.6114313222126,0,17.8,178,0,0,342.74406548762084,0,0,0,0,0,3.7530307403549105e-308,0,0,1,3.7530307403549105e-308,1,0,0,0,0,0,0,0,0,512.9166666666667,184559.4556289289,0,0,0,0,0
1770,0,0,0,0,0,0,0,0,0,0,0,0,0,0,0,0,240.53286895707555,0,15.932410246389649,100.98348243711476,599.0252059433022,7792.944471229262,1419.7834244298153,5.9319127394555045,77.17048653062788,0,0,2.848349691523831e-9,0,12615037.27635999,62.337195300931086,0,65230859490.66275,65230859490.66275,58551040888.312546,65230859490.66239,0,0,65230859490.66238,0,0,0,6679818602.353813,0,1,21,93,86804,288054,0,0,0,0,0,3675,14660,367.5,1466.899999999999,1096,11989.366113860706,21,90,21,90,0,0,0,0.6470782744283772,0,0.9994364562688577,8,0,0,0.004943561819773525,2056.464393045792,0,1210.5553591353357,260.40746999872823,0,934.6114313361205,0,17.8,178,0,0,342.74406548822554,0,0,0,0,0,3.7530307403549105e-308,0,0,1,3.7530307403549105e-308,1,0,0,0,0,0,0,0,0,509.55555555555577,183349.4556289289,0,0,0,0,0
1800,0,0,0,0,0,0,0,0,0,0,0,0,0,0,0,0,240.53288995242633,0,15.932410246389649,100.98348243738161,599.0252059434271,7792.944472455836,1419.3235135802413,5.931912739441065,77.17048654257025,0,0,2.848349691523831e-9,0,12615035.99868576,62.3371959953937,0,65230859367.82963,65230859367.82963,58551040888.312546,65230859367.82928,0,0,65230859367.82926,0,0,0,6679818479.520695,0,1,21,93,86197,287086,0,0,0,0,0,3630,14586,363,1459.4999999999995,1086,11985.86378732569,21,90,21,90,0,0,0,0.6470813600531284,0,0.9994364562688577,8,0,0,0.004943561819426941,2056.4643929722565,0,1206.5282886129414,260.40746994078967,0,934.6114313417897,0,17.8,178,0,0,342.7440654885406,0,0,0,0,0,3.7530307403549105e-308,0,0,1,3.7530307403549105e-308,1,0,0,0,0,0,0,0,0,506.25000000000017,182159.4556289289,0,0,0,0,0
1830,0,0,0,0,0,0,0,0,0,0,0,0,0,0,0,0,240.53289804405466,0,15.932410246389649,100.9834824374876,599.0252059434757,7792.944472900787,1418.5764706971067,5.9319127394353215,77.17048654689543,0,0,2.848349691523831e-9,0,12615035.531423803,62.337196263040255,0,65230859367.82963,65230859367.82963,58551040888.312546,65230859367.82928,0,0,65230859367.82926,0,0,0,6679818479.520696,0,1,21,93,85629,286137,0,0,0,0,0,3587,14513,358.69999999999993,1452.1999999999991,1076,11982.361460790678,21,90,21,90,0,0,0,0.6470846584795866,0,0.9994364562688577,8,0,0,0.004943561819080361,2056.464392946459,0,1202.669480009311,260.4074699187399,0,934.6114313440927,0,17.8,178,0,0,342.74406548869155,0,0,0,0,0,3.7530307403549105e-308,0,0,1,3.7530307403549105e-308,1,0,0,0,0,0,0,0,0,503.0277777777778,180999.4556289289,0,0,0,0,0
1860,0,0,0,0,0,0,0,0,0,0,0,0,0,0,0,0,240.53290115083323,0,15.932410246389649,100.98348243752956,599.0252059434946,7792.944473062316,1419.1503086191974,5.931912739433043,77.17048654846292,0,0,2.848349691523831e-9,0,12615035.364442293,62.33719636580308,0,65230852026.14256,65230852026.14256,58551040888.312546,65230852026.142204,0,0,65230852026.14219,0,0,0,6679811137.833627,0,1,21,93,85112,285236,0,0,0,0,0,3544,14446,354.4,1445.4999999999993,1066,12009.859134255665,21,90,21,90,0,0,0,0.6470881925079348,0,0.9994364562688577,8,0,0,0.004943561818733779,2056.4643929374993,0,1198.93559261886,260.4074699103824,0,934.6114313450252,0,17.8,178,0,0,342.7440654887603,0,0,0,0,0,3.7530307403549105e-308,0,0,1,3.7530307403549105e-308,1,0,0,0,0,0,0,0,0,499.97222222222234,179899.4556289289,0,0,0,0,0
1890,0,0,0,0,0,0,0,0,0,0,0,0,0,0,0,0,240.53290233969602,0,15.932410246389649,100.98348243754613,599.0252059435019,7792.9444731210015,1419.0675964739198,5.931912739432142,77.1704865490314,0,0,2.848349691523831e-9,0,12615035.303579364,62.33719640512707,0,65230840012.006355,65230840012.006355,58551040888.312546,65230840012.006004,0,0,65230840012.006,0,0,0,6679799123.6974325,0,1,21,93,84541,284361,0,0,0,0,0,3505,14379,350.5,1438.799999999999,1087,11976.304071453224,21,90,21,90,0,0,0,0.6470919883161601,0,0.9994364562688577,8,0,0,0.004943561818387196,2056.4643929344247,0,1195.3551849859252,260.40746990722783,0,934.6114313454016,0,17.8,178,0,0,342.74406548879045,0,0,0,0,0,3.7530307403549105e-308,0,0,1,3.7530307403549105e-308,1,0,0,0,0,0,0,0,0,497.0277777777779,178839.4556289289,0,0,0,0,0
1920,0,0,0,0,0,0,0,0,0,0,0,0,0,0,0,0,240.53290279327828,0,15.932410246389649,100.98348243755267,599.0252059435043,7792.944473142336,1418.4048454433182,5.931912739431782,77.17048654923767,0,0,2.848349691523831e-9,0,12615035.281453831,62.33719642013019,0,65230840012.006355,65230840012.006355,58551040888.312546,65230840012.006004,0,0,65230840012.006,0,0,0,6679799123.697433,0,1,21,93,83976,283516,0,0,0,0,0,3462,14314,346.19999999999993,1432.2999999999995,1077,12004.67723254182,21,90,21,90,0,0,0,0.6470960761096336,0,0.9994364562688577,8,0,0,0.0049435618180406135,2056.4643929333843,0,1192.2079236262816,260.40746990604174,0,934.6114313455527,0,17.8,178,0,0,342.7440654888033,0,0,0,0,0,3.7530307403549105e-308,0,0,1,3.7530307403549105e-308,1,0,0,0,0,0,0,0,0,494.027777777778,177759.4556289289,0,0,0,0,0
1950,0,0,0,0,0,0,0,0,0,0,0,0,0,0,0,0,240.5329029658682,0,15.932410246389649,100.98348243755518,599.0252059435052,7792.944473150099,1419.0586454559254,5.931912739431643,77.17048654931261,0,0,2.848349691523831e-9,0,12615035.27357853,62.33719642583894,0,65230840012.00636,65230840012.00636,58551040888.312546,65230840012.006004,0,0,65230840012.006,0,0,0,6679799123.697434,0,1,21,93,83409,282686,0,0,0,0,0,3420,14254,342,1426.2999999999993,1098,12094.174906006809,21,90,21,90,0,0,0,0.6470960761096357,0,0.9994364562688577,8,0,0,0.004943561817694031,2056.4643929330373,0,1188.7974868939393,260.4074699055976,0,934.6114313456133,0,17.8,178,0,0,342.7440654888087,0,0,0,0,0,3.7530307403549105e-308,0,0,1,3.7530307403549105e-308,1,0,0,0,0,0,0,0,0,491.1944444444445,176739.4556289289,0,0,0,0,0
1980,0,0,0,0,0,0,0,0,0,0,0,0,0,0,0,0,240.5329030313805,0,15.932410246389649,100.98348243755618,599.0252059435052,7792.944473152925,1419.3611260295113,5.931912739431585,77.17048654933984,0,0,2.848349691523831e-9,0,12615035.27076331,62.33719642800589,0,65230840012.00636,65230840012.00636,58551040888.312546,65230840012.006004,0,0,65230840012.006,0,0,0,6679799123.697431,0,1,21,93,83068,281853,0,0,0,0,0,3381,14193,338.09999999999997,1420.1999999999996,1088,12152.672579471795,21,90,21,90,0,0,0,0.6471004909265873,0,0.9994364562688577,8,0,0,0.00494356181734745,2056.4643929329245,0,1185.3401788860042,260.4074699054319,0,934.6114313456374,0,17.8,178,0,0,342.74406548881075,0,0,0,0,0,3.7530307403549105e-308,0,0,1,3.7530307403549105e-308,1,0,0,0,0,0,0,0,0,488.41666666666674,175739.4556289289,0,0,0,0,0
2010,0,0,0,0,0,0,0,0,0,0,0,0,0,0,0,0,240.53290305619333,0,15.932410246389649,100.98348243755653,599.0252059435052,7792.944473153952,1419.697366399808,5.931912739431564,77.17048654934973,0,0,2.848349691523831e-9,0,12615035.26974172,62.33719642882662,0,65230828561.025734,65230828561.025734,58551040888.312546,65230828561.02537,0,0,65230828561.02536,0,0,0,6679787672.716794,0,1,21,93,82651,281030,0,0,0,0,0,3354,14131,335.4,1413.999999999999,1140,12180.170252936783,21,90,21,90,0,0,0,0.6471052736449511,0,0.9994364562688577,8,0,0,0.0049435618170008645,2056.4643929328886,0,1181.7282998801595,260.4074699053705,0,934.6114313456467,0,17.8,178,0,0,342.74406548881154,0,0,0,0,0,3.7530307403549105e-308,0,0,1,3.7530307403549105e-308,1,0,0,0,0,0,0,0,0,485.9444444444446,174849.4556289289,0,0,0,0,0
2040,0,0,0,0,0,0,0,0,0,0,0,0,0,0,0,0,236.391891766186,0,15.932410246389649,100.98348243755657,599.0252059435052,7787.849587623955,1418.5391029868651,5.931912739431561,77.12003388712202,0,0,2.848349691523831e-9,0,12615035.26936419,62.20022431707415,0,65230820121.78218,65230820121.78218,58551040888.312546,65230820121.781815,0,0,65230820121.78181,0,0,0,6679779233.473238,0,1,21,93,82160,280298,0,0,0,0,0,3323,14072,332.29999999999995,1408.0999999999995,1161,12207.66792640177,21,90,21,90,0,0,0,0.6471104722518682,0,0.9994364562688577,8,0,0,0.0049435618166542815,2056.464392932876,0,1178.6984213400337,260.4074699053476,0,934.6114313456501,0,17.8,178,0,0,342.74406548881154,0,0,0,0,0,3.7530307403549105e-308,0,0,1,3.7530307403549105e-308,1,0,0,0,0,0,0,0,0,483.4444444444445,173949.4556289289,0,0,0,0,0
2070,0,0,0,0,0,0,0,0,0,0,0,0,0,0,0,0,237.11776524155883,0,15.932410246389649,100.98348243755657,599.0252059435052,7791.10184914263,1418.795596696323,5.931912739431561,77.15223976317395,0,0,2.848349691523831e-9,0,12615035.269226972,62.22423401321453,0,65230820121.78218,65230820121.78218,58551040888.312546,65230820121.781815,0,0,65230820121.78181,0,0,0,6679779233.47324,0,1,21,93,81656,279593,0,0,0,0,0,3286,14017,328.59999999999997,1402.5999999999992,1151,12265.112863599328,21,90,21,90,0,0,0,0.6471161434594139,0,0.9994364562688577,8,0,0,0.004943561816307702,2056.464392932876,0,1175.77165265923,260.4074699053392,0,934.6114313456501,0,17.8,178,0,0,342.74406548881154,0,0,0,0,0,3.7530307403549105e-308,0,0,1,3.7530307403549105e-308,1,0,0,0,0,0,0,0,0,480.888888888889,173029.4556289289,0,0,0,0,0
2100,0,0,0,0,0,0,0,0,0,0,0,0,0,0,0,0,238.60429558498015,0,15.932410246389649,100.98348243755657,599.0252059435052,7792.2780669656495,1419.167529327889,5.931912739431561,77.16388738904926,0,0,2.848349691523831e-9,0,12615035.269178322,62.27340393477786,0,65230820121.78218,65230820121.78218,58551040888.312546,65230820121.781815,0,0,65230820121.78181,0,0,0,6679779233.47324,0,1,21,93,81176,278843,0,0,0,0,0,3250,13962,324.99999999999994,1397.0999999999992,1141,12293.610537064316,21,90,21,90,0,0,0,0.6471223547819639,0,0.9994364562688577,8,0,0,0.004943561815961118,2056.464392932876,0,1172.5875371689615,260.4074699053362,0,934.6114313456501,0,17.8,178,0,0,342.74406548881154,0,0,0,0,0,3.7530307403549105e-308,0,0,1,3.7530307403549105e-308,1,0,0,0,0,0,0,0,0,478.36111111111126,172119.4556289289,0,0,0,0,0
2130,0,0,0,0,0,0,0,0,0,0,0,0,0,0,0,0,239.5845936513659,0,15.932410246389649,100.98348243755657,599.0252059435052,7792.703459683684,1418.4655034730715,5.931912739431561,77.16809988705157,0,0,2.848349691523831e-9,0,12615035.269160459,62.305829225823004,0,65230820121.78218,65230820121.78218,58551040888.312546,65230820121.781815,0,0,65230820121.78181,0,0,0,6679779233.473244,0,1,21,93,80711,278239,0,0,0,0,0,3215,13903,321.5,1391.1999999999994,1131,12260.983698152915,21,90,21,90,0,0,0,0.6471291872367688,0,0.9994364562688577,8,0,0,0.004943561815614537,2056.464392932876,0,1169.4028916778973,260.40746990533523,0,934.6114313456501,0,17.8,178,0,0,342.74406548881154,0,0,0,0,0,3.7530307403549105e-308,0,0,1,3.7530307403549105e-308,1,0,0,0,0,0,0,0,0,475.7500000000001,171179.4556289289,0,0,0,0,0
2160,0,0,0,0,0,0,0,0,0,0,0,0,0,0,0,0,240.09922905884073,0,15.932410246389649,100.98348243755657,599.0252059435052,7792.857307857904,1418.7871178701434,5.931912739431561,77.16962338545454,0,0,2.848349691523831e-9,0,12615035.269153988,62.32285180644589,0,65230819950.72496,65230819950.72496,58551040888.312546,65230819950.7246,0,0,65230819950.724594,0,0,0,6679779062.416034,0,1,21,93,80243,277498,0,0,0,0,0,3180,13857,317.99999999999994,1386.5999999999995,1121,12289.481371617901,21,90,21,90,0,0,0,0.6471328662508959,0,0.9994364562688577,8,0,0,0.004943561815267955,2056.464392932876,0,1166.304298634025,260.40746990533523,0,934.6114313456501,0,17.8,178,0,0,342.74406548881154,0,0,0,0,0,3.7530307403549105e-308,0,0,1,3.7530307403549105e-308,1,0,0,0,0,0,0,0,0,473.5000000000001,170369.4556289289,0,0,0,0,0
2190,0,0,0,0,0,0,0,0,0,0,0,0,0,0,0,0,240.34325464342413,0,15.932410246389649,100.98348243755657,599.0252059435052,7792.912948821435,1419.1016373724535,5.931912739431561,77.1701743761927,0,0,2.848349691523831e-9,0,12615035.26915169,62.330923433713046,0,65230819950.72496,65230819950.72496,58551040888.312546,65230819950.7246,0,0,65230819950.724594,0,0,0,6679779062.416036,0,1,21,93,79784,276751,0,0,0,0,0,3145,13801,314.5,1380.9999999999993,1111,12286.979045082888,21,90,21,90,0,0,0,0.6471367388973454,0,0.9994364562688577,8,0,0,0.004943561814921372,2056.464392932876,0,1163.375635628508,260.40746990533523,0,934.6114313456501,0,17.8,178,0,0,342.74406548881154,0,0,0,0,0,3.7530307403549105e-308,0,0,1,3.7530307403549105e-308,1,0,0,0,0,0,0,0,0,470.97222222222234,169459.4556289289,0,0,0,0,0
2220,0,0,0,0,0,0,0,0,0,0,0,0,0,0,0,0,240.45245014535328,0,15.932410246389649,100.98348243755657,599.0252059435052,7792.933072016516,1419.5284993734263,5.931912739431561,77.17037364833698,0,0,2.848349691523831e-9,0,12615035.269150859,62.33453529020066,0,65230811882.19988,65230811882.19988,58551040888.312546,65230811882.199524,0,0,65230811882.19952,0,0,0,6679770993.89096,0,1,21,93,79368,276036,0,0,0,0,0,3115,13747,311.49999999999994,1375.5999999999992,1132,12254.423982280448,21,90,21,90,0,0,0,0.6471408208760351,0,0.9994364562688577,8,0,0,0.004943561814574789,2056.464392932876,0,1160.3117232334653,260.40746990533523,0,934.6114313456501,0,17.8,178,0,0,342.74406548881154,0,0,0,0,0,3.7530307403549105e-308,0,0,1,3.7530307403549105e-308,1,0,0,0,0,0,0,0,0,468.63888888888897,168619.4556289289,0,0,0,0,0
2250,0,0,0,0,0,0,0,0,0,0,0,0,0,0,0,0,240.49951545161798,0,15.932410246389649,100.98348243755657,599.0252059435052,7792.9403498017045,1418.8912302088359,5.931912739431561,77.17044571740226,0,0,2.848349691523831e-9,0,12615035.269150551,62.336092067987025,0,65230800101.42987,65230800101.42987,58551040888.312546,65230800101.429504,0,0,65230800101.4295,0,0,0,6679759213.120948,0,1,21,93,78954,275461,0,0,0,0,0,3083,13694,308.29999999999995,1370.2999999999993,1122,12250.33267663043,21,90,21,90,0,0,0,0.6471451296313184,0,0.9994364562688577,8,0,0,0.0049435618142282065,2056.464392932876,0,1157.0419140226986,260.40746990533523,0,934.6114313456501,0,17.8,178,0,0,342.74406548881154,0,0,0,0,0,3.7530307403549105e-308,0,0,1,3.7530307403549105e-308,1,0,0,0,0,0,0,0,0,466.27777777777777,167769.4556289289,0,0,0,0,0
2280,0,0,0,0,0,0,0,0,0,0,0,0,0,0,0,0,240.519276203457,0,15.932410246389649,100.98348243755657,599.0252059435052,7792.942981896511,1418.6810056028378,5.931912739431561,77.1704717820095,0,0,2.848349691523831e-9,0,12615035.269150442,62.33674569380923,0,65230800101.42987,65230800101.42987,58551040888.312546,65230800101.429504,0,0,65230800101.4295,0,0,0,6679759213.120949,0,1,21,93,78528,274917,0,0,0,0,0,3051,13652,305.09999999999997,1366.0999999999995,1112,12272.129649759072,21,90,21,90,0,0,0,0.6471496846011867,0,0.9994364562688577,8,0,0,0.0049435618138816235,2056.464392932876,0,1154.272558004732,260.40746990533523,0,934.6114313456501,0,17.8,178,0,0,342.74406548881154,0,0,0,0,0,3.7530307403549105e-308,0,0,1,3.7530307403549105e-308,1,0,0,0,0,0,0,0,0,464.22222222222223,167029.4556289289,0,0,0,0,0
2310,0,0,0,0,0,0,0,0,0,0,0,0,0,0,0,0,240.52741351292894,0,15.932410246389649,100.98348243755657,599.0252059435052,7792.943933823902,1419.1861823490076,5.931912739431561,77.17048120857478,0,0,2.848349691523831e-9,0,12615035.269150402,62.33701485136141,0,65230800101.42987,65230800101.42987,58551040888.312546,65230800101.429504,0,0,65230800101.4295,0,0,0,6679759213.120952,0,1,21,93,78173,274303,0,0,0,0,0,3020,13610,301.99999999999994,1361.8999999999994,1102,12293.926622887711,21,90,21,90,0,0,0,0.6471545075104618,0,0.9994364562688577,8,0,0,0.004943561813535043,2056.464392932876,0,1151.667175736901,260.40746990533523,0,934.6114313456501,0,17.8,178,0,0,342.74406548881154,0,0,0,0,0,3.7530307403549105e-308,0,0,1,3.7530307403549105e-308,1,0,0,0,0,0,0,0,0,462.1944444444445,166299.4556289289,0,0,0,0,0
2340,0,0,0,0,0,0,0,0,0,0,0,0,0,0,0,0,240.53071472867313,0,15.932410246389649,100.98348243755657,599.0252059435052,7792.944278099403,1419.2704439902732,5.931912739431561,77.17048461780067,0,0,2.848349691523831e-9,0,12615035.269150387,62.33712404557996,0,65230800101.42987,65230800101.42987,58551040888.312546,65230800101.429504,0,0,65230800101.4295,0,0,0,6679759213.120952,0,1,21,93,77779,273663,0,0,0,0,0,2994,13561,299.3999999999999,1356.999999999999,1123,12254.599083639963,21,90,21,90,0,0,0,0.6471596227172688,0,0.9994364562688577,8,0,0,0.004943561813188461,2056.464392932876,0,1151.4240395337058,260.40746990533523,0,934.6114313456501,0,17.8,178,0,0,342.74406548881154,0,0,0,0,0,3.7530307403549105e-308,0,0,1,3.7530307403549105e-308,1,0,0,0,0,0,0,0,0,460.1111111111112,165549.4556289289,0,0,0,0,0
2370,0,0,0,0,0,0,0,0,0,0,0,0,0,0,0,0,240.53203822168663,0,15.932410246389649,100.98348243755657,599.0252059435052,7792.944402610601,1419.1125113181079,5.931912739431561,77.17048585078645,0,0,2.848349691523831e-9,0,12615035.269150382,62.33716782272043,0,65230788742.88336,65230788742.88336,58551040888.312546,65230788742.88301,0,0,65230788742.882996,0,0,0,6679747854.574455,0,1,21,93,77396,273035,0,0,0,0,0,2966,13513,296.59999999999997,1352.1999999999994,1144,12246.343320501175,21,90,21,90,0,0,0,0.647165057624501,0,0.9994364562688577,8,0,0,0.004943561812841881,2056.464392932876,0,1148.843077206491,260.40746990533523,0,934.6114313456501,0,17.8,178,0,0,342.74406548881154,0,0,0,0,0,3.7530307403549105e-308,0,0,1,3.7530307403549105e-308,1,0,0,0,0,0,0,0,0,458.00000000000006,164789.4556289289,0,0,0,0,0
2400,0,0,0,0,0,0,0,0,0,0,0,0,0,0,0,0,225.40492746512226,0,15.932410246389649,100.98348243755657,599.0252059435052,7771.6997362828815,1417.570701064732,5.931912739431561,76.96010821461356,0,0,2.848349691523831e-9,0,12615035.26915038,61.83680881378943,0,65230780993.01338,65230780993.01338,58551040888.312546,65230780993.01302,0,0,65230780993.013016,0,0,0,6679740104.7044735,0,1,21,93,76997,272515,0,0,0,0,0,2939,13467,293.9,1347.599999999999,1165,12268.140293629815,21,90,21,90,0,0,0,0.6471708431709098,0,0.9994364562688577,8,0,0,0.004943561812495296,2056.464392932876,0,1144.8290022342874,260.40746990533523,0,934.6114313456501,0,17.8,178,0,0,342.74406548881154,0,0,0,0,0,3.7530307403549105e-308,0,0,1,3.7530307403549105e-308,1,0,0,0,0,0,0,0,0,455.97222222222223,164059.4556289289,0,0,0,0,0
2430,0,0,0,0,0,0,0,0,0,0,0,0,0,0,0,0,227.06610117323348,0,15.932410246389649,100.98348243755657,599.0252059435052,7785.26106946444,1417.9664913262527,5.931912739431561,77.09440080241319,0,0,2.848349691523831e-9,0,12615035.26915038,61.89175540892109,0,65230780993.01338,65230780993.01338,58551040888.312546,65230780993.01302,0,0,65230780993.013016,0,0,0,6679740104.704477,0,1,21,93,76611,271957,0,0,0,0,0,2910,13427,290.99999999999994,1343.599999999999,1155,12320.937266758454,21,90,21,90,0,0,0,0.6471770144204123,0,0.9994364562688577,8,0,0,0.004943561812148716,2056.464392932876,0,1142.1539877243179,260.40746990533523,0,934.6114313456501,0,17.8,178,0,0,342.74406548881154,0,0,0,0,0,3.7530307403549105e-308,0,0,1,3.7530307403549105e-308,1,0,0,0,0,0,0,0,0,454.0555555555556,163369.4556289289,0,0,0,0,0
2460,0,0,0,0,0,0,0,0,0,0,0,0,0,0,0,0,232.7707800019352,0,15.932410246389649,100.98348243755657,599.0252059435052,7790.16568174744,1417.6728097512282,5.931912739431561,77.14296926296349,0,0,2.848349691523831e-9,0,12615035.26915038,62.08044890703409,0,65230780993.01338,65230780993.01338,58551040888.312546,65230780993.01302,0,0,65230780993.013016,0,0,0,6679740104.704479,0,1,21,93,76295,271442,0,0,0,0,0,2883,13387,288.29999999999995,1339.599999999999,1145,12373.734239887095,21,90,21,90,0,0,0,0.647183611273328,0,0.9994364562688577,8,0,0,0.004943561811802133,2056.464392932876,0,1140.1227488595273,260.40746990533523,0,934.6114313456501,0,17.8,178,0,0,342.74406548881154,0,0,0,0,0,3.7530307403549105e-308,0,0,1,3.7530307403549105e-308,1,0,0,0,0,0,0,0,0,452.1944444444445,162699.4556289289,0,0,0,0,0
2490,0,0,0,0,0,0,0,0,0,0,0,0,0,0,0,0,236.67982561650015,0,15.932410246389649,100.98348243755657,599.0252059435052,7791.939491248651,1418.4279780065785,5.931912739431561,77.1605346059126,0,0,2.848349691523831e-9,0,12615035.26915038,62.20974829678841,0,65230780993.01338,65230780993.01338,58551040888.312546,65230780993.01302,0,0,65230780993.013016,0,0,0,6679740104.704475,0,1,21,93,75925,270897,0,0,0,0,0,2859,13349,285.9,1335.799999999999,1166,12457.531213015736,21,90,21,90,0,0,0,0.6471906793300235,0,0.9994364562688577,8,0,0,0.004943561811455551,2056.464392932876,0,1138.00751373147,260.40746990533523,0,934.6114313456501,0,17.8,178,0,0,342.74406548881154,0,0,0,0,0,3.7530307403549105e-308,0,0,1,3.7530307403549105e-308,1,0,0,0,0,0,0,0,0,450.47222222222223,162079.4556289289,0,0,0,0,0
2520,0,0,0,0,0,0,0,0,0,0,0,0,0,0,0,0,238.76116174963715,0,15.932410246389649,100.98348243755657,599.0252059435052,7792.581009877453,1419.1790009233378,5.931912739431561,77.16688731442805,0,0,2.848349691523831e-9,0,12615035.26915038,62.27859259241022,0,65230780836.25792,65230780836.25792,58551040888.312546,65230780836.25755,0,0,65230780836.257545,0,0,0,6679739947.949007,0,1,21,93,75583,270362,0,0,0,0,0,2833,13308,283.29999999999995,1331.6999999999994,1156,12459.275449876946,21,90,21,90,0,0,0,0.647198270946474,0,0.9994364562688577,8,0,0,0.004945797352934973,2056.464392932876,0,1135.8234701280921,260.40746990533523,0,934.6114313456501,0,17.8,178,0,0,342.74406548881154,0,0,0,0,0,3.7530307403549105e-308,0,0,1,3.7530307403549105e-308,1,0,0,0,0,0,0,0,0,448.6111111111112,161409.4556289289,0,0,0,0,0
2550,0,0,0,0,0,0,0,0,0,0,0,0,0,0,0,0,239.75534064746245,0,15.932410246389649,100.98348243755657,599.0252059435052,7792.81302247566,1418.883224938499,5.931912739431561,77.16918484460435,0,0,2.848349691523831e-9,0,12615035.26915038,62.31147701931904,0,65230780836.25792,65230780836.25792,58551040888.312546,65230780836.25755,0,0,65230780836.257545,0,0,0,6679739947.949007,0,1,21,93,75266,269816,0,0,0,0,0,2809,13268,280.9,1327.699999999999,1146,12451.072423005588,21,90,21,90,0,0,0,0.6472064465334207,0,0.9994364562688577,8,0,0,0.004948154457456748,2056.464392932876,0,1133.6412853764791,260.40746990533523,0,934.6114313456501,0,17.8,178,0,0,342.74406548881154,0,0,0,0,0,3.7530307403549105e-308,0,0,1,3.7530307403549105e-308,1,0,0,0,0,0,0,0,0,446.8333333333334,160769.4556289289,0,0,0,0,0
2580,0,0,0,0,0,0,0,0,0,0,0,0,0,0,0,0,240.20221634753096,0,15.932410246389649,100.98348243755657,599.0252059435052,7792.8969325030685,1418.651510697695,5.931912739431561,77.17001577284512,0,0,2.848349691523831e-9,0,12615035.26915038,62.326258314042136,0,65230772812.40637,65230772812.40637,58551040888.312546,65230772812.40601,0,0,65230772812.406,0,0,0,6679731924.097464,0,1,21,93,74963,269296,0,0,0,0,0,2786,13228,278.59999999999997,1323.6999999999991,1136,12412.74488375784,21,90,21,90,0,0,0,0.6472152761673231,0,0.9994364562688577,8,0,0,0.004948660383185593,2056.464392932876,0,1131.5734694709297,260.40746990533523,0,934.6114313456501,0,17.8,178,0,0,342.74406548881154,0,0,0,0,0,3.7530307403549105e-308,0,0,1,3.7530307403549105e-308,1,0,0,0,0,0,0,0,0,445.0833333333334,160139.4556289289,0,0,0,0,0
2610,0,0,0,0,0,0,0,0,0,0,0,0,0,0,0,0,240.39541417587986,0,15.932410246389649,100.98348243755657,599.0252059435052,7792.927279530576,1419.229901800045,5.931912739431561,77.17031628761025,0,0,2.848349691523831e-9,0,12615035.26915038,62.33264871307312,0,65230760423.71589,65230760423.71589,58551040888.312546,65230760423.71552,0,0,65230760423.71551,0,0,0,6679719535.406972,0,1,21,93,74646,268815,0,0,0,0,0,2763,13192,276.29999999999995,1320.099999999999,1126,12435.54185688648,21,90,21,90,0,0,0,0.6472248416040506,0,0.9994364562688577,8,0,0,0.004948768974186488,2056.464392932876,0,1129.3873608383187,260.40746990533523,0,934.6114313456501,0,17.8,178,0,0,342.74406548881154,0,0,0,0,0,3.7530307403549105e-308,0,0,1,3.7530307403549105e-308,1,0,0,0,0,0,0,0,0,443.4444444444445,159549.4556289289,0,0,0,0,0
2640,0,0,0,0,0,0,0,0,0,0,0,0,0,0,0,0,240.47670769669645,0,15.932410246389649,100.98348243755657,599.0252059435052,7792.938254882473,1419.1716161421866,5.931912739431561,77.17042497223503,0,0,2.848349691523831e-9,0,12615035.26915038,62.33533765653118,0,65230760423.71589,65230760423.71589,58551040888.312546,65230760423.71552,0,0,65230760423.71551,0,0,0,6679719535.406973,0,1,21,93,74338,268317,0,0,0,0,0,2740,13156,273.99999999999994,1316.499999999999,1116,12458.33883001512,21,90,21,90,0,0,0,0.6472352388178847,0,0.9994364562688577,8,0,0,0.004948792281752501,2056.464392932876,0,1127.6266608846367,260.40746990533523,0,934.6114313456501,0,17.8,178,0,0,342.74406548881154,0,0,0,0,0,3.7530307403549105e-308,0,0,1,3.7530307403549105e-308,1,0,0,0,0,0,0,0,0,441.80555555555566,158959.4556289289,0,0,0,0,0
2670,0,0,0,0,0,0,0,0,0,0,0,0,0,0,0,0,240.5102390797709,0,15.932410246389649,100.98348243755657,599.0252059435052,7792.94222424485,1418.1200428588468,5.931912739431561,77.1704642792809,0,0,2.848349691523831e-9,0,12615035.26915038,62.33644677312808,0,65230760423.7159,65230760423.7159,58551040888.312546,65230760423.71552,0,0,65230760423.71551,0,0,0,6679719535.406977,0,1,21,93,74027,267843,0,0,0,0,0,2717,13122,271.7,1313.0999999999992,1106,12512.13580314376,21,90,21,90,0,0,0,0.6472465812329753,0,0.9994364562688577,8,0,0,0.004948797284187469,2056.464392932876,0,1125.8621038036588,260.40746990533523,0,934.6114313456501,0,17.8,178,0,0,342.74406548881154,0,0,0,0,0,3.7530307403549105e-308,0,0,1,3.7530307403549105e-308,1,0,0,0,0,0,0,0,0,440.2222222222223,158389.4556289289,0,0,0,0,0
2700,0,0,0,0,0,0,0,0,0,0,0,0,0,0,0,0,240.52385998595335,0,15.932410246389649,100.98348243755657,599.0252059435052,7792.943659810457,1418.8549249806974,5.931912739431561,77.17047849512662,0,0,2.848349691523831e-9,0,12615035.26915038,62.33689731145148,0,65230760423.7159,65230760423.7159,58551040888.312546,65230760423.71552,0,0,65230760423.71551,0,0,0,6679719535.406977,0,1,21,93,73717,267388,0,0,0,0,0,2694,13087,269.4,1309.599999999999,1096,12535.880040004971,21,90,21,90,0,0,0,0.6472590038780746,0,0.9994364562688577,8,0,0,0.004978985952401836,2056.464392932876,0,1124.0198636497432,260.40746990533523,0,934.6114313456501,0,17.8,178,0,0,342.74406548881154,0,0,0,0,0,3.7530307403549105e-308,0,0,1,3.7530307403549105e-308,1,0,0,0,0,0,0,0,0,438.6111111111112,157809.4556289289,0,0,0,0,0
2730,0,0,0,0,0,0,0,0,0,0,0,0,0,0,0,0,240.52932642798064,0,15.932410246389649,100.98348243755657,599.0252059435052,7792.944178999285,1419.15790754119,5.931912739431561,77.17048363645088,0,0,2.848349691523831e-9,0,12615035.26915038,62.33707812479774,0,65230749603.97063,65230749603.97063,58551040888.312546,65230749603.97024,0,0,65230749603.97022,0,0,0,6679708715.661691,0,1,21,93,73435,266917,0,0,0,0,0,2672,13052,267.2,1306.0999999999992,1086,12558.677013133612,21,90,21,90,0,0,0,0.6472726687876833,0,0.9994364562688577,8,0,0,0.004988688748859357,2056.464392932876,0,1121.872972157285,260.40746990533523,0,934.6114313456501,0,17.8,178,0,0,342.74406548881154,0,0,0,0,0,3.7530307403549105e-308,0,0,1,3.7530307403549105e-308,1,0,0,0,0,0,0,0,0,437.0277777777778,157239.4556289289,0,0,0,0,0
2760,0,0,0,0,0,0,0,0,0,0,0,0,0,0,0,0,240.53149882978116,0,15.932410246389649,100.98348243755657,599.0252059435052,7792.944366769903,1419.4664741943861,5.931912739431561,77.17048549587001,0,0,2.848349691523831e-9,0,12615035.26915038,62.33714998126984,0,65230741019.399605,65230741019.399605,58551040888.312546,65230741019.39921,0,0,65230741019.39921,0,0,0,6679700131.090667,0,1,21,93,73161,266495,0,0,0,0,0,2652,13019,265.2,1302.7999999999993,1076,12581.473986262252,21,90,21,90,0,0,0,0.6472877721088297,0,0.9994364562688577,8,0,0,0.004990771344825599,2056.464392932876,0,1119.8343963537548,260.40746990533523,0,934.6114313456501,0,17.8,178,0,0,342.74406548881154,0,0,0,0,0,3.7530307403549105e-308,0,0,1,3.7530307403549105e-308,1,0,0,0,0,0,0,0,0,435.55555555555566,156709.4556289289,0,0,0,0,0
2790,0,0,0,0,0,0,0,0,0,0,0,0,0,0,0,0,240.53235517260143,0,15.932410246389649,100.98348243755657,599.0252059435052,7792.944434679309,1419.5466815457753,5.931912739431561,77.17048616835034,0,0,2.848349691523831e-9,0,12615035.26915038,62.33717830649676,0,65230741019.399605,65230741019.399605,58551040888.312546,65230741019.39921,0,0,65230741019.39921,0,0,0,6679700131.090669,0,1,21,93,72935,266057,0,0,0,0,0,2632,12987,263.19999999999993,1299.5999999999992,1066,12600.146447014504,21,90,21,90,0,0,0,0.64730455357677,0,0.9994364562688577,8,0,0,0.00499121835037739,2056.464392932876,0,1118.1233565595603,260.40746990533523,0,934.6114313456501,0,17.8,178,0,0,342.74406548881154,0,0,0,0,0,3.7530307403549105e-308,0,0,1,3.7530307403549105e-308,1,0,0,0,0,0,0,0,0,434.1111111111112,156189.4556289289,0,0,0,0,0
2820,0,0,0,0,0,0,0,0,0,0,0,0,0,0,0,0,240.53269043698984,0,15.932410246389649,100.98348243755657,599.0252059435052,7792.9444592395275,1418.9400524246232,5.931912739431561,77.17048641156059,0,0,2.848349691523831e-9,0,12615035.26915038,62.33718939602733,0,65230741019.399605,65230741019.399605,58551040888.312546,65230741019.39921,0,0,65230741019.39921,0,0,0,6679700131.090669,0,1,21,93,72674,265626,0,0,0,0,0,2614,12957,261.4,1296.599999999999,1087,12654.943420143143,21,90,21,90,0,0,0,0.6473233093350557,0,0.9994364562688577,8,0,0,0.004991314294824311,2056.464392932876,0,1116.5279412966468,260.40746990533523,0,934.6114313456501,0,17.8,178,0,0,342.74406548881154,0,0,0,0,0,3.7530307403549105e-308,0,0,1,3.7530307403549105e-308,1,0,0,0,0,0,0,0,0,432.7777777777778,155709.4556289289,0,0,0,0,0
2850,0,0,0,0,0,0,0,0,0,0,0,0,0,0,0,0,240.53282093261444,0,15.932410246389649,100.98348243755657,599.0252059435052,7792.944468122014,1419.1506358127222,5.931912739431561,77.1704864995204,0,0,2.848349691523831e-9,0,12615035.26915038,62.33719371242736,0,65230741019.39961,65230741019.39961,58551040888.312546,65230741019.39921,0,0,65230741019.39921,0,0,0,6679700131.090672,0,1,21,93,72411,265204,0,0,0,0,0,2594,12927,259.4,1293.5999999999992,1077,12710.687657004357,21,90,21,90,0,0,0,0.6473444095631269,0,0.9994364562688577,8,0,0,0.004991334887949613,2056.464392932876,0,1115.1880677635459,260.40746990533523,0,934.6114313456501,0,17.8,178,0,0,342.74406548881154,0,0,0,0,0,3.7530307403549105e-308,0,0,1,3.7530307403549105e-308,1,0,0,0,0,0,0,0,0,431.388888888889,155209.4556289289,0,0,0,0,0
2880,0,0,0,0,0,0,0,0,0,0,0,0,0,0,0,0,240.53287147084106,0,15.932410246389649,100.98348243755657,599.0252059435052,7792.944471334466,1419.0287519364704,5.931912739431561,77.17048653133205,0,0,2.848349691523831e-9,0,12615035.26915038,62.33719538407883,0,65230740642.72857,65230740642.72857,58551040888.312546,65230740642.72817,0,0,65230740642.72816,0,0,0,6679699754.419626,0,1,21,93,72164,264826,0,0,0,0,0,2575,12900,257.49999999999994,1290.899999999999,1098,12827.484630132996,21,90,21,90,0,0,0,0.6473444095631328,0,0.9994364562688577,8,0,0,0.0049913393077603814,2056.464392932876,0,1113.8450861074748,260.40746990533523,0,934.6114313456501,0,17.8,178,0,0,342.74406548881154,0,0,0,0,0,3.7530307403549105e-308,0,0,1,3.7530307403549105e-308,1,0,0,0,0,0,0,0,0,430.11111111111114,154749.4556289289,0,0,0,0,0