tick,totalPopulation,employable,employed,unableToWork,inEducation,dependencyRatio,avgGroceryStarvation,avgHealthcareStarvation,deathsLastMonth,deathsThisMonth,foodPrice,waterPrice,priceLevelRaw,priceLevelRefined,priceLevelManufactured,priceLevelServices,refinedToRawPriceRatio,manufacturedToRawPriceRatio,groceryFillRate,gdpAnnual,costOfLiving,bankEquity,bankDeposits,totalLoans,agentsInDistress,totalAgentDeposits,workerUtilization,avgWage,productionEfficiency,avgFacilityCondition,priceCeilHits,priceFloorHits
30,9800484,349307,4279545,1238899,3932733,1.1172601759572351,0,0.6383169660688102,0,18276,5.617261501508679,2.801244164374999,2.4750954203201183,9.233792594003207,44.23558200843402,5.1242349454183875,3.7306814590642925,17.872273386014662,1,1749760699.5488245,0.24563168218791553,0,10206787447.869993,10206787447.869991,0,10099539282.162472,1.0000020553481774,1,0.9999587451864355,0.9052684504339354,0,0
60,9800825,338387,4285025,1230501,3946912,1.1198251421244743,0,0.6391795340144141,18276,16593,4.531050997316755,3.4046540446772737,3.2230980873642663,12.997152922330386,61.02932881733948,7.959766366185144,4.0325030669355115,18.934989616542225,1,4606626844.998687,0.33739861292417717,0,10991502100.281261,10991502100.281261,0,10774506075.241175,1.0000010637305812,1,0.9999475827516109,0.8288160843713869,0,0
90,9801296,336088,4281888,1222268,3961052,1.1224224638672873,0,0.7306424581130536,16593,16454,4.20756784922895,2.490220012639551,3.2976430077833543,14.88695853847485,72.83333776090467,11.35726075184023,4.5144239395645585,22.08648346379452,1,6266931493.212129,0.3739140584191941,0,10991502100.281261,10991502100.281261,0,10689362682.738222,1.0000024799188572,1,0.999977071645165,0.7822310333535845,0,0
120,9801849,212717,4399849,1214120,3975163,1.1250317068633815,0,0.7610076674519782,16453,16364,3.37862295343,1.340226326126585,2.0851503160323364,11.582870024969104,83.94442501717555,11.636139000006526,5.554932867865952,40.25821273974463,1,7433005106.687168,0.40691005211445197,0,10991502100.281261,10991502100.281261,0,10686130209.92144,1.0000081130929093,1.0378519913210298,0.9999411733238551,0.8283368028870608,0,0
150,9802731,178531,4428930,1206055,3989215,1.127577639832437,0,0.7884897920559066,16363,16021,3.0389430037678626,1.2968632296555125,1.6334045913446986,8.738512569791498,98.19739018714584,10.936585361651064,5.349876335658838,60.11822833576398,1,6381545766.414399,0.4699422172273791,0,10997303691.831621,10997303691.831623,0,10618417639.19785,1.0000135616052872,1.1383577453600913,0.9998699770125921,0.9969973490774822,0,0
180,9803708,2361555,2240849,1197985,4003319,1.1301276463343939,0,0.644869301939389,16021,15914,2.9895179610916047,1.2925048522577083,1.4326305019925407,6.481511379604197,92.95029651192418,9.696465761386271,4.5242031148921775,64.8808582412886,1,6050889131.029713,0.5548113673815932,0,11005494237.560587,11005494237.560585,0,10650613034.390173,1.000013566905193,1.4136251654772218,0.9997288846315999,1,0,0
210,9804751,2076083,2521201,1190113,4017354,1.1327268448066292,0,0.2760939470037396,15914,15837,2.930191948266612,1.3046308278959833,1.3557362323484108,5.749002462205689,76.97145662658914,9.366451466302015,4.24050218990404,56.77465482593095,1,6681664805.793442,0.53856006414913,0,11006023154.879946,11006023154.879944,0,10862676398.11672,1,1.489993281546896,0.9999999999071321,0.9999400225397469,0,0
240,9805726,1132694,3459389,1182376,4031267,1.1353546963327972,0,0.10954227481237729,15837,15890,3.0086176396981776,1.3913634767011955,1.452021622847588,6.925223389065394,98.70703033855166,9.76912166060065,4.769366571473091,67.97903611447285,1,7639628987.576105,0.5229253093747345,0,11006086802.523214,11006086802.523212,0,10820668504.161545,1.0000069050562883,1.596238530828354,0.9988166440342875,0.9998174564012691,0,0
270,9807036,1039895,3547190,1174711,4045240,1.1379669223482887,0,0.12661641495136272,15890,15551,3.306545009587735,1.4716186555901896,1.669019499026444,8.59680228293662,129.69127480923876,11.60729539544879,5.150809974329972,77.70506868547012,1,8539131919.762688,0.5852486877048636,0,11007563843.322453,11007563843.32245,0,10704198330.555975,0.9991405779270682,1.8469385231127657,0.9821070249322988,0.9983255827443258,0,0
300,9808401,732214,3849896,1167120,4059171,1.1405861055278026,0,0.08030477338589076,15551,15483,3.6034790770204257,1.6823199702287517,1.926757004141735,10.691096416798446,144.27532955178302,14.772653307277244,5.5487518113685255,74.87987807577728,1,12346129507.204609,0.6085747726054537,0,11022930219.182434,11022930219.182432,0,10824181297.336954,0.9976689415725839,2.129428906752914,0.9885561126495733,0.9984613265159278,0,0
330,9809827,248352,4328892,1159529,4073054,1.1431732719514187,0,0.029024311262119826,15483,15414,4.838198385913697,1.787407383455977,2.42923691865163,15.294265023280852,182.79873391462425,20.16503219677764,6.295913299296503,75.24944665178576,0.3824823395330841,17716252720.994728,0.6910820661173755,0,27090016100.353287,27090016100.353287,0,26989491299.578064,0.9973656148033233,2.4775756638708395,0.9832704640627086,0.9989361748399717,0,0
360,9811598,1286161,3841606,1152005,3531826,0.9134250834720065,0,0.010489867908533096,15150,14777,5.106295629750588,1.5258425699663156,3.0732400124971875,22.15423919995186,203.59326214485736,24.165184318995674,7.2087565923464085,66.24710771594631,0.9999999999999981,21784123459.11244,0.7412608105899001,0,27099548808.520065,27099548808.52007,0,26926128804.565166,0.9798381291358443,2.8300469268181203,0.9455188895292086,0.9987960652516886,0,0