tick,totalPopulation,employable,employed,unableToWork,inEducation,dependencyRatio,avgGroceryStarvation,avgHealthcareStarvation,maxGroceryStarvation,starvationMildFraction,starvationSevereFraction,starvationFatalFraction,deathsLastMonth,deathsThisMonth,birthsThisMonth,meanWealth,foodPrice,wealthToFoodPrice,waterPrice,priceLevelRaw,priceLevelRefined,priceLevelManufactured,priceLevelServices,refinedToRawPriceRatio,manufacturedToRawPriceRatio,groceryFillRate,groceryTotalDemand,groceryTotalSupply,groceryTotalVolume,gdpAnnual,costOfLiving,bankEquity,bankDeposits,bankLoans,householdDeposits,totalLoans,loansWageCoverage,loansBufferCoverage,loansRollover,loansStarter,loansOther,agentsInDistress,totalAgentDeposits,workerUtilization,avgWage,productionEfficiency,avgFacilityCondition,avgWorkerEfficiency,avgResourceEfficiency,avgConditionEfficiency,avgMaxMaintenance,facilitiesBelowFullMaintenance,avgHrBuffer,hrCoverageRatio,avgStorageStarvation,maintenanceServicePrice,maintenanceServiceVolume,maintenanceServiceDemand,adminServicePrice,adminServiceVolume,logisticsServicePrice,logisticsServiceVolume,priceCeilHits,priceFloorHits
30,9800406,349107,4279718,1238874,3932707,1.1172556750363214,0,0.6383169722600678,0,0,0,0,0,18354,16918,10.932416097059912,5.599272657748881,1.9524707520592783,2.800481730648903,2.474938359745962,9.219862081085946,43.97982239652979,5.184083512489092,3.725289579346255,17.770067776978518,1,373.6672261101134,3039253.851338228,373.6672261101134,1719162930.4694283,0.24504803129521932,0,655890034.6709304,655890034.6709304,107142116.31212208,655890034.6709304,633770456.6709304,0,0,0,22119578,0,548747918.3588082,1.0000011769372092,1,0.99996446249182,0.9053943992266814,0.9999967887318093,1,0.9979789225133301,1,0,355265.2998125001,12.543733751665366,0.21907535632856534,6.143252912817574,10266.39993209633,64889.51816666119,0.9532099438758493,78879.78238395868,2.5772825154652583,165552.32284724936,0,0
60,9800785,338159,4285204,1230568,3946854,1.119838957053556,0,0.6411199153695354,0,0,0,0,18354,16558,16937,22.243697654604258,4.468655227714321,4.9777162302990465,3.291642667757067,3.153769099628248,12.784449200697624,58.881577641771145,7.845076206517804,4.053704883532722,18.67022466822693,1,562.1856385691473,2592285.4059529053,562.1856385691473,4444883962.272532,0.32843724783109074,0,830065832.4877157,830065832.4877157,218005698.3177811,830065832.4877156,807946254.4877156,0,0,0,22119578,0,612060134.1699349,1.000000356776015,1,0.999944891700668,0.8301812159068588,0.9999906066973889,1,0.9840430620551944,1,0,346771.2995910173,14.846356587125413,0.05276699241442155,14.128783255771918,18805.122094179802,54783.140772695915,1.0027809001713317,19263.31496693009,3.2769360529709637,442236.2469673204,0,0
90,9801236,335402,4282477,1222354,3961003,1.1224540530403677,0,0.7349566522217358,0,0,0,0,16558,16476,16927,31.18271087955493,4.091019035185711,7.622235587603271,2.2626981455618376,2.9704833974124867,14.026022655492865,63.379791012883516,10.819398316808453,4.721798030485738,21.336524239823074,1,764.134222606785,1264799.042666196,764.134222606785,6033392791.427444,0.3421761025704163,0,1058570660.0594889,1058570660.0594889,305629108.4502872,1058570660.0594887,1036451082.0594887,0,0,0,22119578,0,752941551.6092036,1.0000027955092938,1,0.999958359274098,0.7920543826428824,0.9999695792007259,1,0.962550389889723,1,0,295476.54952307127,14.160087963556466,0.017685845318162325,28.69331948774233,15328.196601269741,45736.32675170267,1.10089365620718,35151.57459000373,4.217620728486779,428546.045828473,0,0
120,9801956,147257,4465450,1214160,3975089,1.1249899462506507,0,0.5379880883053766,0,0,0,0,16474,16195,16915,20.339431311604482,3.2596102153270237,6.239835430618783,1.3452515517094508,1.829391350984743,10.39709651051299,67.31381222673193,11.070917646048773,5.6833637618961825,36.79574203217785,1,972.106163619197,581850.7556893165,972.106163619197,7950847620.678519,0.35401513062177403,0,1215168089.3403447,1215168089.3403447,199366210.78134748,1215168089.340344,1193048511.3403442,0,0,0,22119578,0,1015801878.5589745,0.9983189518798388,1.0448557875095907,0.9971361330877309,0.8367496938498292,0.9971389983653349,1,0.9774320649587149,1,0,348341.7411273802,17.73439980487779,0.0045193112537885395,29.36149021990958,8467.192193376128,41147.97586995319,1.1314477006841397,32252.775157046824,4.530815170433722,321544.9771324864,0,0
150,9802756,77106,4530426,1206064,3989160,1.1275502807142739,0,0.35421883667921245,0,0,0,0,16193,16106,16906,20.411466525274896,3.0062114921674614,6.789763986484645,1.3334327261154424,1.653515638713406,8.895538500923884,75.72510520134514,10.928358714843542,5.379772826246426,45.79642516128033,1,1171.8808433400886,551668.8826445837,1171.8808433400886,8107037590.38846,0.3670797372629014,0,1388653974.4350574,1388653974.4350574,200088625.94942343,1388653974.435057,1366534396.435057,0,0,0,22119578,0,1188565348.485619,0.9947238939051429,1.204977193739943,0.987750953091182,0.9892309294508431,0.987750953091182,1,0.9994143718073826,1,0,333643.6769209594,19.40434690738396,0.0010800760372684244,25.077426669597493,17191.25677251795,17712.270767330996,1.3318244775782915,44684.37528656234,4.797208474232519,346472.2445695452,0,0
180,9803794,2127080,2475460,1198019,4003235,1.1300833887375232,0,0.3228054198061358,0,0,0,0,16106,15856,16894,16.589276344743453,3.1341707873685882,5.293035214163172,1.3654034374452684,1.6055652199448824,8.1570067111354,77.19155555494206,9.335702000113004,5.080458027993047,48.077496071814494,1,1377.0741693046768,549180.86801624,1377.0741693046768,7625970172.807061,0.4120617875978696,0,1510634293.9383798,1510634293.9383798,162637847.89292815,1510634293.938379,1488514715.9383793,0,0,0,22119578,0,1347996446.0454416,0.9947475812572658,1.6818044766890314,0.9905434428366999,0.9998730628498136,0.9905434428366999,1,0.9999999964022486,1,0,342921.68567047856,24.840682272981176,0.0016407243936325292,12.65679330808236,12301.161870630245,14801.05793155894,1.4594424100137904,48947.16845729721,4.291534796916101,233617.28073218095,0,0
210,9804734,1501369,3096080,1190078,4017207,1.1326466046714168,0,0.17430604683085146,0,0,0,0,15856,15942,16882,19.13584442780292,3.5071797997594794,5.456191447360425,1.4411830829836045,1.7288433110680521,8.88924851376794,91.24073926924304,9.520442166715597,5.1417317329216505,52.77559781451562,1,1508.810632006071,547929.8667731266,1508.810632006071,6433311221.397907,0.4771637274488656,0,1512525744.0539951,1512525744.0539951,187621864.47997448,1512525744.0539942,1490406166.0539947,0,0,0,22119578,0,1324903879.5740042,1,1.7959220411622607,0.9991936811698567,1,1,0.9991936811698567,1,0.9998867403314917,0,305335.0861590752,19.59232285817893,0.00295948602682777,8.28009208900899,13931.339807210063,13931.33980721006,1.6189293085493437,17688.951146598924,4.092618137741351,134707.78993872102,0,0
240,9805840,1269236,3323172,1182195,4031237,1.135228403051297,0,0.14786962850272534,0,0,0,0,15942,15767,16873,17.016555334392656,3.7632161683201666,4.521811815553648,1.521415533473011,1.7690104412150538,9.11663728173686,97.31020121785241,9.880651847961548,5.153523726787645,55.00826843679589,1,1677.666376652009,545397.8276667256,1677.666376652009,6966758590.952599,0.5299462709794118,0,1692837834.7821996,1692837834.7821996,166861618.96017918,1692837834.7821987,1670710345.3356445,7911.446554553457,0,0,22119578,0,1525976215.8219976,1.0000034927246546,1.827795576202882,0.9988527319996006,0.9982019677994355,0.9988527323816246,1,0.9999998802933171,0.999781469560088,0,321621.4162869892,19.257105027579307,0.004854838405519699,8.266436515290472,9282.894696215497,22826.516908868052,1.5530748349511214,15385.414062465583,4.1489471043547335,122479.44596353151,0,0
270,9807022,1611543,2975787,1174512,4045180,1.137849685982914,0,0.09699904465685835,0,0,0,0,15767,15678,16860,18.91882459215556,3.8482395192252605,4.916228446186831,1.5862393074721612,1.7196465789145756,8.085476758935094,104.36962610899191,10.131590606464473,4.701824699374315,60.69248611239003,1,1877.3006973223742,544675.2794068395,1877.3006973223742,6604801544.055178,0.575512943819097,0,1734022864.759039,1734022864.759039,185537328.98938265,1734022864.7590382,1711895375.3124838,7911.446554553457,0,0,22119578,0,1548485535.769627,1.0000093126402327,1.9303775577053437,0.9988438597244492,0.9996327566806602,0.9988438597740787,1,0.9999999901646317,0.9999917165987499,0,348158.1347120724,25.937930071072593,0.003986284435083043,7.480770897021968,10275.003580408498,17328.33619992605,1.6056848955251235,43960.9043394458,4.201350010044834,86027.04916719646,0,0
300,9808233,1619088,2963112,1166961,4059072,1.1405073981930076,0,0.06711464805078916,0,0,0,0,15678,15643,16854,5.391599380795764,3.49016904288168,1.5447960584580043,1.3710920812508938,1.5765487305966948,6.420105253087518,89.39178000385778,9.890221854351601,4.072252971627224,56.700930500273614,1,2063.598765291085,542979.4681644773,2063.598765291085,6983450952.57743,0.5825092314969206,0,1806864797.1771362,1806864797.1771362,52882062.96948117,1806864797.1771352,1784737307.730581,7911.446554553457,0,0,22119578,0,1753982734.2076347,1,1.8945020466211162,0.9999999999925397,0.9999768518518518,1,1,0.999999999285551,1,0,333456.5394749622,30.274667375585288,0.0013078741936558046,7.1036436737789845,5971.643745200236,9820.586169594046,1.6297209822071153,30934.003878610893,3.9410880423339294,129093.60553787935,0,0
330,9809639,1017550,3559631,1159463,4072995,1.1431616971231857,0,0.02427545927063987,0,0,0,0,15642,15438,16844,5.516572855374123,3.6010296477228265,1.5319431926539742,1.3621850910033313,1.5063803544180667,5.874975781037038,83.09238295112155,8.742302274514056,3.900061338297666,55.16029381783936,0.9715068681557562,282328.41603791784,1867881.9165622324,274283.9952563729,7623654076.128805,0.4959716932144934,0,1808894365.0522377,1808894365.0522377,54115588.22839053,1808894365.0522368,1786718341.653884,56445.398353153054,0,0,22119578,0,1754778776.8238175,1.0000082607469367,1.9298661169386597,0.9994410277546683,0.9999768518518518,0.9994410277546683,1,0.999999999285551,1,0,302839.16480240243,21.442774606371753,0.00262622408923924,6.066034986855405,8416.751634734539,10865.151248508735,1.3975596227468956,20873.485593216396,4.04100385621261,465413.42971501674,0,0
360,9811223,1897810,3229607,1152058,3531748,0.9134825585670133,0,0.00877327786176418,0,0,0,0,15184,14970,16554,11.807733459084087,3.9675470036718896,2.976079035271984,1.4989898344638102,1.6373061903915636,7.9499489819123665,105.66444715866564,9.558432937482436,4.855505359086884,64.53554489609293,1,275695.91783235606,1474568.954471422,275695.91783235606,8146034957.6119,0.5337316150124203,0,1873782473.9390543,1873782473.9390543,115848306.0916054,1873782473.9390535,1851505403.1102188,157492.82883513212,0,0,22119578,0,1757934167.8474166,0.9538153639932102,1.9878382724018875,0.9362611970326393,0.9996483088484064,0.9362612104638648,1,0.9999999383816472,1,0,334138.61613421026,19.593071941492045,0.004457212599884928,6.9530326434115555,16847.943785704658,20911.444685298295,1.5229147389791904,15359.433066659396,4.73571948113414,356962.77027507883,0,0
390,9812476,1275833,3846152,1144120,3546371,0.9157564889393468,0,0.0031697423833881486,0,0,0,0,15211,15813,17066,4.192473422072942,4.924961679111142,0.8512702626408253,2.1070409181471406,2.2842461765165445,11.856439421560934,93.22897610052222,9.813528073800676,5.190526110299504,40.81389171577627,0.6378532954728995,480543.0903144006,306515.99377377157,306515.9937737716,9343270492.304451,0.49324871331694253,0,1676758034.8688443,1676758034.8688443,41138544.8346981,1676758034.8688438,1576484510.6161203,157492.82883513212,100116031.42388833,0,0,0,1635619490.0341148,0.9752865690415908,2.058203969472994,0.9500840694309146,0.9993618881918054,0.9500841581634041,1,0.9999998945430283,0.9998038674033277,0,309652.5011279048,14.27175029568324,0.005027187087214338,7.963689394595292,26605.216020504795,33485.23074799848,1.7861986513537087,38012.08686790067,5.912376559020597,367997.97787345684,0,0
420,9813660,917411,4199011,1136326,3560912,0.9180708706201326,0,0.0011452076237747717,0,0,0,0,15794,15868,17052,1.6298221713950125,5.952360077724365,0.2738110850340402,2.2101180938385006,3.0106631628641405,18.504956085238387,85.7909855891408,9.833261268884666,6.1464717519691,28.495710396085986,0.7206363290691054,383990.06917287555,1493362.1093021217,276717.19384773285,9477580109.927164,0.43745686831953523,0,1942707880.3398361,1942707880.3398361,15994520.65050041,1942707880.3398354,1776773407.098022,157492.82883513212,165776980.41297778,0,0,0,1926713359.6893027,0.9554823997690662,2.201653677224871,0.8986326773737201,0.9988718668929181,0.9044059387697384,0.9936126250095867,0.9999999493139875,0.9997371280064513,0,326458.6712984238,15.430813917303864,0.005127835851122484,11.507873464327178,13194.790734045215,31698.715867210787,1.8468556203492725,58050.296529847285,6.489901548229986,306903.0527712545,0,0
450,9815135,756023,4355189,1128480,3575443,0.9203145946597402,0,0.0004137514669777389,0,0,0,0,15868,15572,17047,1.6825311519385162,6.478647797650833,0.2597040624045969,1.5996392629693814,3.5931962000699893,21.787503295865168,92.60772413492442,10.887772856456861,6.063544010048988,25.77307749939193,0.6832896113876091,459549.20812188904,318324.15697169316,314005.19983108906,10068746252.07425,0.37574234950851715,0,1893431950.1900399,1893431950.1900399,16514270.397948762,1893431950.1900399,1704633812.6522872,157492.82883513212,188640644.70891663,0,0,0,1876917679.792057,0.9393914330303351,2.327286682178011,0.8894629955222105,0.9991014409950537,0.8977963550701415,0.9913659863259912,0.999999944789714,0.9999045253071813,0,324120.808249628,16.07755396041442,0.00319232408546343,17.965297260571305,16708.708887902936,32239.35782807821,1.9854466734923666,80764.50655484851,7.016230437817219,430118.46129572584,0,0
480,9816721,1156575,3949358,1120848,3589940,0.9226106178831567,0,0.00014948224184732753,0,0,0,0,15569,15451,17037,1.470074387062379,5.0616704611481955,0.2904326542682325,1.4046155573969294,3.8396981763450397,20.20699327552177,76.71389194998761,11.02500966211593,5.262651476100278,19.979146387753477,0.9968456322247898,278648.8050155176,1056283.2235752796,277769.8442043758,10092338112.266943,0.304997433741943,0,1920766152.8389528,1920766152.8389528,14431310.10700625,1920766152.838953,1687848047.263255,157492.82883513212,232760612.7468624,0,0,0,1906334842.7319148,0.9736927246351548,2.3659520484578547,0.9559366743037161,1,0.9559366743037161,1,1,0.9999567154015513,0,342765.4842976349,19.276712185263747,0.005988117104516097,20.00851041400892,12543.987528602767,18656.305334443983,1.9660602669257574,53312.033459119455,6.77930378267309,381005.15168116766,0,0
510,9818162,1093048,4007415,1113276,3604423,0.9249550481985656,0,0.00005400629186633045,0,0,0,0,15451,15582,17023,1.1032241836009904,4.682441506944092,0.23560874854814556,1.343434430628714,2.7357690232993526,13.37935675807158,72.73971853875037,9.94975061595175,4.890528638976986,26.588399064123426,0.9287825780911734,285523.5633375134,1287828.6811315066,265189.3112623941,9056898567.933641,0.280628506619752,0,1869420098.0672204,1869420098.0672204,10831633.756881893,1869420098.0672195,1636236644.8463433,157492.82883513212,233025960.39204144,0,0,0,1858588464.3103068,0.9977737392094502,2.3882549037327196,0.9934955338591128,0.9995344172500372,0.9934955338648563,1,0.9999999889601107,0.999956235582224,0,302235.36189725023,16.191021082681342,0.003417188542103341,10.345020254969587,15681.05435072953,21675.82514874908,1.8276623617851009,29933.516138391093,7.2969183360265,480817.79882032785,0,0
540,9820003,1388317,3707011,1105825,3618850,0.927256302243938,0,0.000019511693427319237,0,0,0,0,15582,15174,17015,4.990934922578389,8.488416465030081,0.587970081715436,1.4535685171136126,1.9977100144420599,10.636222551076711,83.54696625158313,10.228290113602803,5.3242074546276426,41.821368290490824,0.2084095909029331,699120.3121411867,145703.37824527553,145703.37824527555,9787797290.810915,0.4613031997828838,0,1894837209.8451989,1894837209.8451989,49010995.912491575,1894837209.8451984,1659094897.4116082,157492.82883513212,235584819.60475516,0,0,0,1845826213.932674,0.9679067072214521,2.460273691422776,0.9499251037873159,0.9997274459450095,0.9768615162897283,0.9666666666666667,0.9999999893516189,1,0,336218.6867047768,17.47814807279437,0.0017619951662217173,8.947972778301677,9220.81679500628,19164.06997457915,2.0052288196127606,46788.115508383926,7.659659630226583,330828.4352248693,0,0
570,9821859,1100430,3989703,1098457,3633269,0.9295878909254434,0,0.000007049213804712897,0,0,0,0,15174,15147,17003,1.6498059335876565,17.479782007042292,0.09438366753790059,1.7082598253316108,2.2905119385194883,12.984877097422194,99.29665020690882,12.149551259590462,5.668984683753795,43.351291271195436,0.42765465940062297,511354.02957746974,1321028.5889066886,218682.9333520889,11909987746.15113,0.82548928907069,0,2064786156.1117208,2064786156.1117208,16204161.257030023,2064786156.1117208,1829043843.6781304,157492.82883513212,235584819.60475516,0,0,0,2048581994.8546581,0.9221778361030272,2.559133133669734,0.9384784889247441,0.9968136176276245,0.9525082193496974,0.9859631343831743,0.9999995345503567,0.9991569783212063,0,321759.1187072622,14.234730447292424,0.0017588500827095087,10.411645960161607,15761.285193803707,31462.106794231542,2.1622123365132464,41140.48341499049,7.914437358863137,282571.4219077851,0,0
600,9823824,976045,4108880,1091253,3647646,0.9319506187406894,0,0.00000254670599692279,0,0,0,0,15147,15027,16992,2.0228724628728454,21.509987423251022,0.09404340518982546,2.2346263082945703,2.9092269399846113,15.79055065785188,97.76782462480956,13.138897669933996,5.427747983777231,33.606118271861845,0.26499310610319315,749481.968141106,2284714.6810873663,198607.55470604618,13676239946.896194,0.9803311864374253,0,2237983205.875164,2237983205.875164,19872343.04967957,2237983205.8751626,1980833023.9164836,149581.38228057866,257000600.57639855,0,0,0,2218110862.825453,0.9772463710008458,2.7056313783320216,0.9764565390628646,0.9985793179210241,0.9764565608948457,1,0.9999997373392395,0.9998181523055568,0,335956.46981152176,15.752592999965463,0.0012962345555134784,12.520691443814819,20022.814235912636,30610.500186229285,2.1194156123695085,26624.31211606379,8.225110465608326,242848.26896315927,0,0
630,9825726,865486,4214196,1084038,3662006,0.9343191168266045,0.00019706762270938212,0.00010560943498391777,0.06015255984128189,0.003307338307622256,0,0,15027,15083,16985,0.7136511587051557,19.28972441348327,0.036996441390646444,2.060228089086838,3.3675564885551883,18.398417036423243,79.79704213617714,12.308041980737089,5.463432342991483,23.69582883238082,0.8764208949302561,350702.51183618477,644122.2161190993,307363.0092777578,14722276535.474783,0.8386466152705614,0,2587683203.1609945,2587683203.1609945,7012140.744990606,2587683203.1609917,2315837581.48859,149581.38228057866,271696040.2901211,0,0,0,2580671062.4159718,0.9814441527043521,2.717918693749469,0.9656043506979587,0.9993004450559475,0.9665408577112128,0.9964209798257142,0.999999940337419,0.9994510442902228,0,322223.589313567,15.462705798461297,0.0012539350432900379,13.097839431952776,19855.52334676952,29931.670223663117,2.3187463997497084,45130.95726585104,8.809368335643297,291639.3845222338,0,0
660,9827845,998392,4076249,1076899,3676305,0.9366581793667769,0.00007115085096419168,0.009378066946326268,0.021754865830788107,0.003301639372619328,0,0,15082,14852,16971,1.326445676448557,15.055956013034365,0.08810105949434335,1.5404377618577234,3.1343786983426054,15.908656829336977,64.97848283143686,10.233175192275283,5.075537565945412,20.730897279832888,0.9971534638056326,307969.9847654016,1458909.242333535,307093.3370569881,12882008744.04833,0.65449268140907,0,2667094042.243016,2667094042.243016,13036102.509028057,2667094042.2430143,2378234381.4371037,149581.38228057866,288710079.4236293,0,0,0,2654057939.7339587,0.9850491957507416,2.7130086709800407,0.9781041968637713,0.9998914570225901,0.9784399597359734,0.9987023276064174,0.9999999972926975,0.9999564233443218,0,326430.24847773276,17.320286759896042,0.0002806094471366765,11.3188492386469,15616.888484824964,21814.647984969426,2.2157034876179074,45268.09740736284,7.8510174709516685,392590.82354208274,0,0
690,9830022,1011248,4058317,1069900,3690557,0.9390267212275609,0.000025691059456022657,0.007700444872885088,0.007867897701517104,0.003296126905921472,0,0,14852,14788,16965,21.90098771674781,10.215275907538665,2.1439448053072487,1.484899466328676,2.453582224927533,11.163804237650199,65.7596804011249,9.246138534077819,4.550002084393126,26.80149853264735,0.9967530919222304,284704.01101328846,533070.8741466058,283779.603260156,11090525391.914349,0.5021201398433635,0,2803951655.934323,2803951655.934323,215287191.0773471,2803951655.9343204,2508921524.9722385,101047.43048197907,288719460.8391357,0,6209622.692463053,0,2588664464.8569584,0.9953321697387582,2.7586809781559785,0.9954331737541444,0.9998974006847478,0.9954331750563441,1,0.9999999972182276,0.9999992327169547,0,327044.9140798148,18.942973594774394,0.0014783925081282001,9.69273200036265,21998.992151311664,23456.515172550462,2.2503849980416804,34821.57686035616,7.38329319835129,371530.80691841437,0,0
720,9832187,1514001,3789031,1062916,3466239,0.8540689552693629,0.000009276199709425775,0.07105972981162277,0.0028455157904918016,0.013411461763288269,0,0,14529,14534,16699,29.43399818172394,8.973517781717106,3.2800958216958773,1.459403269936464,1.952507769291605,9.24951802147103,67.03465685051019,10.654293816341065,4.737250302889639,34.332594166747526,0.9927833381559399,282844.44826098165,1616234.0802803817,280803.2555234124,9850011302.35723,0.5094868419646603,0,2944491934.9265966,2944491934.9265966,289400574.28037477,2944491934.926595,2642562080.7232757,0,294150194.2515118,0,7779659.951806069,0,2655091360.646223,0.9840873255030849,2.889003045370251,0.9678049747883753,0.9992995007743201,0.9887561027076366,0.9790167768730991,0.9999998713273394,0.9999917371421629,0,314119.59710401495,18.07743849511874,0.005055306425189194,10.345892255502024,18663.069707346,21279.953584442774,2.384068105128171,49515.23650943517,8.174774042060474,281588.74152454734,0,0
750,9834040,1277628,4019858,1055547,3481007,0.8563597902854297,0.000003349316570663478,0.17838648406484162,0.0010291135473681759,0.01361769933821705,0,0,14764,15333,17186,39.48634441772709,6.019830249437173,6.559378384700945,1.5059811120444258,2.1947024170130147,13.23386400605092,85.48644768173416,11.919844926547453,6.029912713206095,38.9512705773027,0.9999998589496614,283618.93158877967,749608.8130409588,283618.8915842333,11645459525.114925,0.4863187020795473,0,2954719953.772487,2954719953.772487,388310290.4577206,2954719953.772484,2712963064.7156396,0,233977229.10503888,0,7779659.951806069,0,2566409663.314778,0.9285315725688496,2.9414954086778256,0.9517091271802526,0.9970921519452411,0.9517091727472771,1,0.9999998273393264,0.9983285767938616,0,299311.1374582973,12.932214076777997,0.005227819144173072,13.29477501351767,18307.851690838528,25513.504432911144,2.6204540600159283,95929.55841345033,8.320070226804587,374998.7850416473,0,0
780,9836100,1120089,4171907,1048356,3495748,0.85867487428184,0.0000012093803956141657,0.22525950867869204,0.0003721907630650212,0.013604172385396652,0,0,15333,15127,17187,49.165996821008726,7.139512342074905,6.886464294103309,1.7957865879948731,2.9315385374640113,18.9438315005756,113.14635655645044,14.74974198593988,6.462078276809337,38.59623713298685,0.9939139383394529,286489.7003685035,1300023.9848053716,284746.10638694913,15400319743.350826,0.5692419006003363,0,2969576662.0540442,2969576662.0540442,483601661.3311393,2969576662.05404,2768729177.5948744,0,193067824.50735992,0,7779659.951806069,0,2485975000.7229123,0.9385272754882195,2.958438848276767,0.9177790402966196,0.9987115411587933,0.9369608822993686,0.9750000001577104,0.9999998347985354,0.9998353933022343,0,339264.2559148247,13.043729648192606,0.0019412880857629419,16.148007521920338,29211.36089167391,41431.61425306069,2.7719343007059307,48214.70496981635,9.296633864795744,376675.73551058,0,0
810,9838132,882487,4404028,1041201,3510416,0.8609863019399359,4.366734627880219e-7,0.24865411253262432,0.00013460707466652724,0.013590384841349964,0,0,15127,15140,17172,44.932133879788246,10.013187701670905,4.4872956763099925,3.448729711492623,5.314908936802852,29.483578666009816,158.57081399491804,19.742051674908843,5.547334679970164,29.835095178564856,0.8057211248402156,347884.0921659238,609743.00858529,280297.5620539454,22108017048.881115,0.7553533146029121,0,2993436964.882495,2993436964.882495,442048264.151062,2993436964.882492,2804250067.5096846,0,181407237.42100137,0,7779659.951806069,0,2551388700.731458,0.9374883735462775,3.076040043797262,0.8983499185148317,0.9981094838335277,0.9067025896046094,0.9916475918824345,0.9999860096133378,0.9995059730002414,0,328704.5520520393,12.17243183151294,0.004729295223805267,21.487690967363548,30841.873617192334,46826.917272208455,3.025559649055193,62619.68388775716,10.780428294804523,398562.91293850204,0,0
840,9840299,749177,4531983,1034080,3525059,0.8632836346560225,1.5769811666889912e-7,0.2670288741229304,0.000048682198346536236,0.013577229716292157,0,0,15140,14995,17162,37.263356034255196,14.32149970008377,2.6019171745007426,6.763173030793544,8.675996669921586,48.50147697129381,224.0504333433767,26.290723323719455,5.590306084307449,25.82417235360715,0.0036745987512559752,283015.1324368323,1503048.7288631531,1039.9670522389333,30382410115.785625,1.0865371283218956,0,3301477145.717464,3301477145.717464,366682565.1205363,3301477145.7174597,3073474010.4488363,0,220223475.31681773,0,7779659.951806069,0,2934794580.596932,0.9588496820012138,3.2293213115876545,0.887880445433048,0.9950560781339127,0.9227237402911126,0.9651572957758677,0.9999096891302471,0.9996477856799287,0,299489.8651991118,10.836894640317935,0.00476866300499424,34.74887272704263,20287.571497414312,42116.20630551143,3.2478264988345416,51410.76267524586,13.359379603606325,330966.48699822125,0,0
870,9842525,901561,4374188,1027045,3539731,0.8656166167116744,5.694352588421879e-8,0.28680082774092197,0.000017606477532646605,0.013563694275605092,0,0,14995,14929,17155,24.918236908539903,18.45321417813324,1.3503467020974378,6.93513410480995,10.410621352697609,59.023087055896475,281.69303028835833,34.673312211331705,5.6695066563536445,27.058234157691828,0.7258231071505099,334832.6761981,527596.9757811852,243029.2934136255,40186459705.95916,1.3704381167280948,0,3675244288.099017,3675244288.099017,245258369.7282383,3675244288.099012,3406514941.794935,0,260949686.35227102,0,7779659.951806069,0,3429985918.3707833,0.9826411963580938,3.3493337381340704,0.9132270676073843,0.9937579854162981,0.9599522486072746,0.9507305730268881,0.9996937709087443,0.999894860380327,0,325912.4633998909,12.709941996285085,0.002463459655183252,52.85390167803749,22369.96292626278,35361.75384551306,3.4903884225528046,38072.32388255941,14.840577291577025,259074.53029622525,0,0
900,9844810,975305,4294971,1020181,3554353,0.8679875589058333,2.0560638420926632e-8,0.12169845986556123,0.000006367585311184814,0.013550083749711776,0,0,14929,14856,17141,0.8496323697588674,15.127476195377042,0.0561648459257543,6.65611305318683,8.284946417863221,49.72028822506267,249.0396982817275,37.575858392546785,6.001280601870938,30.05930101669355,0.8381986108794153,301869.57560017373,1079673.4400461414,253026.65893482426,44844737064.89826,1.2211707798724327,0,4016282294.4841957,4016282294.4841957,8364469.250120309,4016282294.4841905,3702317579.140973,0,306185055.39141095,0,7779659.951806069,0,4007917825.234063,0.9971531003008857,3.5571262373167585,0.9800372469057312,0.9960198567949825,0.989737086294059,0.9897225423229821,0.9997833171236135,0.9998950444991471,0,336435.10936173494,14.636671216610928,0.0014212494327911337,55.83383907030007,17635.73890994365,22298.94238688937,3.6525424847065477,60607.46219946479,16.671920553750006,298140.1968044646,0,0
930,9847252,1095543,4169319,1013455,3568935,0.8703722908596655,7.424425485168519e-9,0.07199635782600221,0.0000023029105407390194,0.013536365272260728,0,0,14856,14691,17133,0.7081787766062743,12.785288432505762,0.05539012908037146,4.6901135494876804,5.489597021031031,29.340210829256392,188.77793025279388,36.73453832908479,5.3446930105893,34.38830382805375,0.9620079773757767,295828.3492615462,1058958.475758701,284589.2319235149,46480280906.02504,1.0475058746834993,0,4434634598.960951,4434634598.960951,6973614.874289206,4434634598.960946,4072877728.6638107,0,353977210.34532887,0,7779659.951806069,0,4427660984.086651,1.0000118345078743,3.802578474322426,0.9749634613926083,0.9918318131127133,0.9998179546502736,0.975133239595976,0.9999098835008375,0.9973351686910359,0,319087.00082634966,15.625625935695293,0.0008517128343553924,36.35349461314926,16335.939224982512,23445.645616709648,3.7080916788816545,42384.42064219309,12.84057785537685,336638.48044731846,0,0
960,9849590,1450176,3809140,1006788,3583486,0.8727891611760921,2.680349235996823e-9,0.03468098745873888,8.328741115303695e-7,0.013521476528464636,0,0,14691,14786,17124,3.8080600329693564,9.683959374365472,0.3932337885524096,1.596544090124644,3.6784876033295117,20.245661036045338,115.7694954038608,42.62206303200523,5.50380026229268,31.472036306191242,0.5866944472346531,378823.62286947045,222253.7160188327,222253.7160188327,52082988828.69806,0.7534980409782723,0,5166983058.209615,5166983058.209615,37507830.02013143,5166983058.20961,4742041450.069134,0,413278505.16489834,0,11663102.975574743,0,5129475228.189473,0.9985900370483989,3.905562252330761,0.9865371806716242,0.9838773344867044,0.9971719119426038,0.9894115489964168,0.9996438445496848,0.9974343825541758,0,314704.5907271941,17.161827935808724,0.000941140107744215,26.179463947972483,19222.653053000966,25455.535229223584,3.85226494722664,48387.508629125325,11.951062157790373,280214.4764057164,0,0
990,9852091,1373655,3880209,1000229,3597998,0.8752086083690023,9.6791015516928e-10,0.012560299833428502,3.012185116990677e-7,0.01350769090541287,0,0,14786,14617,17118,6.828859374317264,10.1551303841336,0.6724541306713985,1.4497783399086308,3.1905017193345113,18.983416119076544,128.66720528937736,35.363812955372886,5.9499783385279565,40.328204341546424,0.05061239870266465,290004.7331970298,1495558.067167608,14677.835182227951,57384595297.878174,0.7143324085623837,0,6869613226.312093,6869613226.312093,67278543.98197356,6869613226.312086,6389918912.312664,0,463947608.9495715,0,15746705.049850008,0,6802334682.330108,0.9802548681915473,3.784554837982405,0.9196679702728426,0.9793276947556577,0.9855615856513436,0.9236990800236824,0.9994417034083122,0.9989074713251356,0,318827.4114736214,15.339702693252196,0.001446983846266335,18.894543551174028,13933.421853125103,23022.404403436198,3.7487646271995407,29172.06218963974,12.659027406133644,358783.83301538334,0,0
1020,9854573,1276569,3971814,993686,3612504,0.8776398368792826,3.494722876666252e-10,0.008299263157245653,1.0893914282373869e-7,0.013493430917808412,0,0,14617,14620,17102,33.326599927614176,19.64730373678006,1.6962429234107201,1.4753721920555662,3.3668451718854104,20.725557819975204,158.3796024462442,31.188008892330423,6.1557798953876555,47.04095209627733,0.007066526768913062,3902284.7623840026,27575.599733307954,27575.599733307943,51070998964.31707,1.0859058208504628,0,8542892263.83077,8542892263.83077,328419411.8284548,8542892263.830759,7967171081.924598,0,558174834.3024539,0,17546347.603708953,0,8214472852.002287,0.990259364477166,3.653845067175317,0.8838270166789517,0.9675733044490643,0.9887892548534758,0.8943674542968651,0.9980663848327116,0.9992496229717175,0,320448.1375935421,14.001428956271424,0.0005122435415427189,19.31689141036622,12414.4991489397,21760.34002270509,3.8869476144540855,46212.81579311499,12.918001118154564,135275.53118339315,0,0
1050,9857043,1314138,3928603,987288,3627014,0.8801315952857485,1.261983316877603e-10,0.047215895938935104,3.939909526884387e-8,0.013479701772631001,0,0,14620,14624,17094,53.708209345378215,30.73661399877766,1.7473690936651023,1.5843070859997777,3.697982137532478,22.196986539054652,192.49933413120436,32.03179048784303,6.002459101618553,52.05523633482227,0.009717791698165335,8456811.19266695,780435.4706244224,82181.52960105015,47408747985.556145,1.5721747377490767,0,9580377849.658434,9580377849.658434,529404128.9703135,9580377849.658424,8949946091.494898,0,617618743.1792316,0,12813014.984290121,0,9050973720.68802,0.9613686084617196,3.540281421151111,0.898823392262265,0.9534063257021033,0.9876181773799109,0.9113507765012285,0.9955109714312828,0.9999300940463792,0,319307.63636636507,14.36732249621714,0.0002113236447368746,21.925918141148756,25121.727562466815,29749.665896982635,4.398334097132356,63935.16712293285,13.287100533095975,224571.2127254298,0,0
1080,9859104,1110448,4304964,981253,3462439,0.8205639755571691,0.157498465290484,0.0914651844874088,0.44780602227454064,0.3055880128660779,0.31910577269496293,0,14387,14747,16808,91.44365481918112,36.55677267475536,2.501414871404347,1.8039885750867128,5.390730783040926,25.78214894874905,276.7540091844587,33.35598003472493,4.782681604108093,51.33886671824131,0.007956694270622067,11651355.563088054,3062707.7958974084,92706.27405380334,46409313182.181366,1.8883538178594947,0,10644341052.927628,10644341052.927628,901552503.0022922,10644341052.927618,9872947030.219048,26422.801990500666,758655377.7806896,0,12712222.12588146,0,9742788549.925196,0.9306001860644999,3.477982531582806,0.8103305707736308,0.9385958215360379,0.9491827357842276,0.8374888256722647,0.9913344068050354,0.9999585635359116,0,280680.0484840766,10.414956815577531,0.0010089381666366969,25.305563024521064,17272.58184760479,29466.88745035057,4.539393094365264,58005.58269043026,15.781321400637978,324115.13713954785,0,0
1110,9802263,957228,4400358,981148,3463529,0.829604415122781,0.3822273146563957,0.06110481947668046,0.8002606912664377,0.11217950385538523,0.5374616045294847,0.006999098065416118,14984,73962,17121,97.8916642105535,55.338057212321246,1.7689754418909653,2.5921132534035487,9.51568657279687,30.023267462038955,434.5284651253987,45.296390235078405,3.1551341285103356,45.66443648612958,0.008729488414703224,8669310.798506927,1867533.6952799368,75678.64817902901,53554625087.619446,2.800867759875161,0,11407525223.950905,11407525223.950905,959559838.099346,11407525223.950891,10417669414.121653,77445.85848933809,976348214.5126154,0,13430149.458127942,0,10447965385.851343,0.9529526219971973,3.6037257279154735,0.8932234836578274,0.9335718728905228,0.9372710864920076,0.9490179723454711,0.9889688230657842,0.9996100663764902,0,328115.94679306843,11.547499619521227,0.007067167237946675,34.077945503087925,12645.648336627803,35902.28377606524,4.9086407609909415,53533.98364382251,19.262390482976656,181212.81005202766,0,0
1140,9608202,910361,4282037,985884,3429920,0.8504363494477889,0.29300182783451134,0.13599363511183943,0.6907168174379356,0.2404842237912983,0.40853699786911224,0,73962,210555,16494,75.01289300810228,71.16411551762869,1.0540831212821042,3.9603608451213357,14.219351214923252,38.78773300448052,513.4223672406205,54.902103090606616,2.7278131342429095,36.10729909405305,0.04062119262225561,4242599.381415439,1823436.3324369644,172339.4466915389,69010406461.34085,3.4352481097633114,0,12548132088.382795,12548132088.382795,720739028.6261249,12548132088.382782,11269897660.392286,77445.85848933809,1264019641.4807634,0,14137340.651216643,0,11827393059.756533,0.9386284903969837,3.805934870790462,0.8708845824220341,0.9347584957225755,0.8918929008407983,0.9578686522838054,0.9848912212867632,0.999592934680506,0,325720.5443509543,11.38217072357272,0.007756402042996493,35.91690274566707,27029.689225313206,52582.05224569549,5.339571976277899,57736.288887338735,21.113548771656735,137621.3987651179,0,0
1170,9581973,780682,4385655,983325,3432311,0.8546937607825429,0.1242840320316025,0.0722728451899928,0.4313712132421785,0.5170179460952353,0.1303717929491139,0,210555,42484,16255,11.655830195138643,74.26767888476455,0.1569435098843482,6.2999337670814795,23.18414560573272,66.84369210785572,563.152914341729,61.21729737191921,2.8831639191968903,24.290432087455436,0.3720307972930731,470376.76503674994,2214934.5969008785,174994.6429247586,86476643577.13698,3.6384629972891025,0,13647694514.237093,13647694514.237093,111685850.22229305,13647694514.23707,12252650260.51116,135615.73871334788,1380771297.335957,0,14137340.651216643,0,13536008664.014654,0.9836787550190457,4.092153765108359,0.8664200995985746,0.9307683347107628,0.9672798985186415,0.8952148791093416,0.9784987665996437,0.9998552814243302,0,307668.73402319476,11.114624388062568,0.008824920057620957,57.0816239514369,15214.791011104842,45038.42252519746,6.31539258929591,26136.375977908658,22.237276821731566,195985.0197528656,0,0
1200,9582925,799329,4360342,977650,3445604,0.8572744269935041,0.04490419542898129,0.028457724034273494,0.15601036584493733,0.6467482527516389,0,0,42484,15280,16232,8.041226585461244,69.76467930806955,0.11526214504552493,7.798154325144226,34.041744572542704,101.49833279800407,643.3070288611381,73.8131501929931,2.9815843480557196,18.897592850749923,0.40292456551658573,585036.0150133928,1999497.7581527778,235725.382160826,90581711025.58966,3.5551893548383022,0,14405925595.291996,14405925595.291996,77058471.27637473,14405925595.291971,12762698185.744617,350824.5100125156,1628739244.386107,0,14137340.651216643,0,14328867124.015469,0.9907726791564925,4.4412371682762,0.945984224340654,0.8576099890602489,0.9829981730216314,0.9639165027325408,0.961503945930209,0.9999335185137431,0,317970.8510859862,13.012131832317154,0.007487984529945927,113.68848932853132,27312.8293863564,51600.65756602251,6.913102366024421,22054.165237351765,24.673451458190478,144542.50468768808,0,0
1230,9584607,924299,4229315,971681,3459312,0.8597836392093005,0.016226499115938736,0.022045245075553097,0.05642294502717957,0.6461311350585371,0,0,15280,14541,16223,4.038761389087618,64.93083984396837,0.06220097258549154,7.704938441168743,27.765802241477207,121.44135397662558,576.6706910827912,74.01247373661514,4.373774361729539,20.769098838475013,0.5904151085336978,408229.412997972,251824.5359029055,241024.81318184538,90422059883.64711,3.4789367865851872,0,15173457612.741383,15173457612.741383,38709940.681077905,15173457612.741358,13200263134.661167,350824.5100125156,1948421697.1035585,0,24421956.466609284,0,15134747672.060179,0.9767309388475108,4.628146543767423,0.9258711899539779,0.9275310005583035,0.9612344490521676,0.9648949895426148,0.9659761745885063,0.9996813295410494,0,311697.3648143827,13.797489686184473,0.007933766696441386,133.53948831973804,22423.785336217203,26630.90153370328,6.8645823614461134,62013.573558427466,26.832730490624012,277456.7467227827,0,0
1260,9586625,1022621,4125240,965682,3473082,0.8622540507601119,0.0058636005148798714,0.11903063993422008,0.020406007692491016,0.6455154968510816,0,0,14541,14198,16216,2.5041186732047,46.13447859539949,0.05427868157275347,7.0011653367321705,15.478718832998675,107.21037232378715,432.7640276739221,59.92806766685565,6.926307886362544,27.958646470877408,0.9172119650870152,303662.7133405622,1170414.9330289196,278523.07402675203,82799882736.09637,2.521712221499338,0,15702387908.422249,15702387908.422249,24006046.67541086,15702387908.422228,13445187254.693474,350824.5100125156,2225415551.081918,0,31434278.136812214,0,15678381861.746723,0.9576996039754944,5.038654870522003,0.9661460961577023,0.9510375631567763,0.9868338933575769,0.980194338843112,0.971188105077553,0.9997857070688899,0,319833.96673567226,13.058080788559767,0.0065497737612325415,91.35180940563971,19702.519414681014,25561.42561309603,6.819576822280973,76041.62655337389,27.509470252879815,220967.64296105702,0,0
1290,9588796,1121471,4020549,959951,3486825,0.8647916577531787,0.002118856179784163,0.08954660538283313,0.007380067625775568,0.6448947292235647,0,0,14198,14033,16204,1.4548919827293894,38.27931200455173,0.03800726571460821,3.1055058125216384,9.786003566931672,62.177604013780986,384.56616106840625,53.690544739854566,6.353727912371516,39.29757008958296,0.9995936980559692,304408.72454413626,844182.8806047695,304285.04268757405,74998668126.56845,2.2268676022566,0,16265307473.061863,16265307473.061863,13950662.424325075,16265307473.061853,13877154697.54547,350824.5100125156,2352624409.982184,0,35177541.02416655,0,16251356810.63742,0.9958052144077867,5.429759890684337,0.9850030765151254,0.9667315191893977,0.9890443169488818,0.9960567457620704,0.9820434437257897,0.9995300488119501,0,318106.82797667076,13.862182733869558,0.0031872031942819807,49.88730546207049,22223.969740959903,27847.12302162433,7.1796732493194435,67108.05178208947,28.96955621357718,651393.3262931964,0,0
1320,9590888,850818,4285340,954208,3500522,0.867327290165139,0.0007656393760948744,0.034208607047353734,0.0026690864269870267,0.6442653693797696,0,0,14033,14102,16194,2.3563959455548273,27.165514439240287,0.0867421800836961,1.6796903031849195,6.178535684086538,37.609304308810565,317.6627455039436,51.30441119493367,6.087090247884664,51.41392099136323,1,272233.2349956041,392595.5583241462,272233.2349956042,75412016900.66786,1.6413693772162659,0,16662071794.52535,16662071794.52535,22599929.59736671,16662071794.525341,13918793611.630486,350824.5100125156,2693974440.365345,0,48952918.019483514,0,16639471864.927872,0.9830870351445152,5.818181603423107,0.9724603845453268,0.971444662132886,0.9855725378201294,0.9868576316250379,0.9820523438680687,0.9988804123361691,0,309480.7487607509,14.590417440479696,0.005395380179226087,38.139417368911346,25061.72896412954,26001.27165487734,7.295804636400601,34790.30734230213,28.5924775239367,270072.5875061732,0,0
1350,9593098,638613,4491765,948542,3514178,0.8698618308436532,0.000276664962680799,0.012345626530573108,0.0009653058367439708,0.6436359766156876,0,0,14102,13976,16186,24.88772168901951,22.570352274288776,1.1026731610817873,1.7780868596765644,4.997286320716286,29.819434379600178,343.0785838470593,49.42284552500103,5.967125448862816,68.65297720181142,0.991456288912703,276261.60122639267,1560108.2548515052,273901.3019210003,77940594119.08186,1.5654813199332511,0,17481121671.703632,17481121671.703632,238750353.15938708,17481121671.703617,13746864749.18454,350824.5100125156,3684528969.252774,0,49377128.75628152,0,17242371318.54413,0.8836504927347192,6.22517903460938,0.8968788250423613,0.9675046605236218,0.9361540689521674,0.9409657788427113,0.9819023701095912,0.9997791388460905,0,307936.96451494884,12.840497734311949,0.0053583694795757255,37.60753044144656,15522.007546065559,20383.949297704257,8.571895856352482,68150.94592800661,30.933624130664963,231238.67355737006,0,0
1380,9595356,710537,4414027,942962,3527830,0.8724238784021431,0.00009997251875530924,0.004455509290755027,0.0003491139698701508,0.6430009475417067,0,0,13976,13922,16180,60.43662741682357,31.010798735239273,1.9488897378236862,1.9380304181134462,6.021098909788213,40.02311645805025,374.7650451230868,49.87176757498854,6.647144824840292,62.2419679095205,0.8206354391476488,276743.1844008842,227105.26466193853,227105.26466193836,73007050039.01471,1.905383795311529,0,18361202354.053356,18361202354.053356,579910955.503712,18361202354.053375,13780493265.172056,5884841.5863402,4526641086.431212,0,48183160.8637569,0,17781291398.5496,0.8891175432579271,6.709731420900017,0.9143229061436922,0.9631914337527728,0.9506956124958993,0.9547324404161952,0.9823553245285884,0.999891377342536,0,311660.61038846296,13.067896114012813,0.0037410519840522364,39.67848034441474,15858.80916899292,33367.51293127073,10.312490487591786,30377.31299495986,35.0094307518504,327295.55847497616,0,0
1410,9597626,701123,4417828,937200,3541475,0.874920467103514,0.00003612493421585657,0.0016079732995168139,0.00012626108671382985,0.6423746872403655,0,0,13922,13897,16167,84.55587890802732,41.59406417927668,2.0328833110315636,2.606259287246321,7.584103334845185,49.60101590826858,426.69928132592145,62.412744046573266,6.540129230620654,56.26232429685528,0.0077695082781622515,279972.7745607411,1990302.5366683537,2175.2507896097154,77370042404.27924,2.454098390704099,0,18814825063.22842,18814825063.22842,811535701.8604825,18814825063.228443,13941063607.051353,5884841.5863402,4817587888.552104,0,50288726.03864812,0,18003289361.367928,0.8730003910578988,7.508005916466766,0.8354671103534148,0.9597702923426797,0.8522803874582158,0.9768095701018287,0.9830936678194967,0.9997546760326702,0,302583.2842364378,11.1633168332984,0.010231577957169384,54.27767497435823,19356.527633416445,41145.987861879046,11.73558494225307,76389.93211153893,37.63216080103203,347637.337769008,0,0
1440,9600119,728021,4545360,931514,3395224,0.8204865151977451,0.000013053414996924976,0.0005803144458192263,0.000045663157305442265,0.6441949313336637,0,0,13685,13438,15931,54.406328623099434,42.22025635486294,1.2886309397511013,4.683460954808566,10.057484958084522,54.88513364651285,429.7681258336621,71.17380905577713,5.457143000984003,42.73117261668892,0.9999998545935893,275182.04924682557,759295.6012218923,275182.0092335915,90028931642.8721,2.422946764796945,0,19668718759.73609,19668718759.73609,522307229.13476443,19668718759.73611,14522372555.577795,5858418.7843496995,5088185164.684662,0,52302620.689309284,0,19146411530.601254,0.8932892413359766,8.07440700699364,0.8428312165900876,0.9299371891648242,0.8733556999309381,0.964450751858138,0.9800741821377696,0.9999283260205569,0,308951.37001313013,11.240474381926916,0.012568652884754268,94.78550114494602,27264.248934496365,63073.87035814252,11.37846141093571,48486.969893779715,38.206986868579634,320453.98360421456,0,0
1470,9602251,616917,4650557,925583,3409194,0.8229327757479201,0.000004716774403076452,0.00020939179200958887,0.000016514606580521846,0.6435623272084847,0,0,13634,14245,16377,38.68520650514871,37.01043059620283,1.0452514570073042,6.367827218220201,11.775237939414199,68.45463679356958,480.12240201309123,77.35274836980545,5.813439791686714,40.773902360479745,1,276446.58891295065,1171391.0102272537,276446.5889129507,92698375912.11073,1.8482467922519739,0,20039128997.820736,20039128997.820736,371465062.84913653,20039128997.820744,14775847680.948866,5807395.727850862,5205889227.786982,0,51584693.3570628,0,19667663934.971474,0.9183694902328673,8.743326093688282,0.8102108677114098,0.8332763647007982,0.8513520393555817,0.9549070228639103,0.9684084220608128,0.9999799062250949,0,303768.6923546339,11.235974569901668,0.009374535864142587,136.17995606187094,2748.391910004147,61652.67723820592,11.15375419821581,58488.798231584246,36.718497879991176,407787.28545359225,0,0
1500,9604346,707268,4554123,919788,3423167,0.8254385579782989,0.0000017043876929256772,0.0000755544807838151,0.000005972697610134605,0.642921652343637,0,0,14245,14278,16373,8.697797682037345,25.732827392783094,0.3380039647130532,4.505526440222432,12.295084583778275,69.87287824138481,483.66124458184817,89.98045419320678,5.682992887545708,39.337772854362846,0.9970512831242506,271843.79925161065,400982.63709661853,271042.2088531896,99658977693.34668,1.3926559261432865,0,20918436494.26934,20918436494.26934,83536658.37617324,20918436494.26936,15428033936.279104,5807395.727850862,5433717660.098438,0,50877502.1639741,0,20834899835.89308,0.9664859070452012,9.032046810202395,0.9499554924229201,0.7746229056128158,0.9509131687416048,1,0.9421076193874252,0.9995249806700504,0,312104.5052308369,13.187314638440485,0.012702972970190895,222.24077920599228,16059.717268523083,52434.655262373795,11.726129512280673,57206.05356603241,34.31664207919811,405538.88688678236,0,0
1530,9606549,755577,4499150,914710,3437112,0.8281728051714199,6.15875711888283e-7,0.000027262154214935636,0.000002160094857129826,0.6422806983027932,0,0,14278,14154,16357,7.049663484287655,21.606132551502608,0.3262806736690775,1.8978535211049463,11.645726391456071,51.51771162329906,417.0762902447954,118.11378634006559,4.423743946199458,35.81367758655097,0.9997169521836733,271263.31410723034,1597580.4709884413,271186.53361852275,93500454030.32208,1.1843368567678119,0,22103096197.313087,22103096197.313087,67722937.69519994,22103096197.313065,16218215892.509619,5749225.847626852,5792165729.371883,0,86965349.5839483,0,22035373259.61773,0.9912411775475054,8.894694702402573,0.9755937678217436,0.9201846073697354,0.9842208719879373,0.9917403838234576,0.9647847854146134,0.9987275797326867,0,297874.51044497575,14.638275417647984,0.008652560816566691,491.3840984930369,20522.66393558586,22347.651614369664,10.701691966648998,41107.08531033623,32.60561225946673,411068.0846395055,0,0
1560,9608849,804774,4443218,909791,3451066,0.8309572499348322,2.225424222505688e-7,0.000009837122393919844,7.812231752502141e-7,0.641634081251563,0,0,14154,14051,16351,118.2868781370962,17.320371643755127,6.829349887520723,1.8115059496737782,9.44121146627769,56.00893648076676,346.5973760592951,94.05731860585328,5.93238872795304,36.71111247717294,0.6069909553886115,382375.2911928765,232098.34331816254,232098.34331816263,101656583615.13757,1.1120051357582756,0,22359851305.984657,22359851305.984657,1136600750.7005467,22359851305.98463,16425328449.634834,5534017.076327685,5784043544.438126,0,144945294.83536148,0,21223250555.28386,0.8984312461123106,8.84891979307702,0.9226666341037383,0.9496196004237416,0.9559490364152903,0.9606063641324051,0.9797370275139344,0.9991649408275067,0,301220.5894780428,13.102652445075906,0.005491565208250353,280.63878826768735,15050.32150591876,29596.91272711362,10.299801806587,94199.39627757817,52.65592080644106,562320.3511528504,0,0
1590,9611177,889821,4351383,905039,3464934,0.8337727361880972,8.041303968532073e-8,0.0000035495826083085926,2.8253835591227736e-7,0.6409870508055361,0,0,14051,14012,16340,102.8408581061321,23.65201346083089,4.348080482722646,1.9205511277228313,8.58244060969828,45.07288388885612,501.3110510861668,75.15413605091118,5.2517559909384195,58.411246157611416,1,567566.9483092182,1066208.0681873579,567566.9483092182,95840922780.73737,1.4415076125464195,0,22379388715.870697,22379388715.870697,988421690.0898702,22379388715.870686,16696517258.106688,5534017.076327685,5529470705.469145,0,147866735.21853855,0,21390967025.780746,0.8779000815718414,9.155517800678483,0.8599139411258439,0.9626538946396689,0.9138584249204721,0.9215140862354275,0.9800541077357414,0.9998123173728848,0,333899.82479694666,12.667561684568316,0.003701952511796961,178.64203077020977,20578.48796921206,27824.637804269678,12.218405903101061,68287.51754117876,60.6030597351301,548709.4715349454,0,0
1620,9613657,755231,4479591,900046,3478789,0.836482119162791,2.9056957719784885e-8,0.000001280826823526053,1.0218324941018943e-7,0.6403447720258795,0,0,14012,13857,16337,157.71963791114123,47.54609813861277,3.3171941354963717,2.0952935942617152,9.159864245311162,64.37806544984922,666.934747842765,70.09477032519302,7.0282772457903695,72.810549368585,0.3025424952719823,8724951.659635814,2639668.6462335973,2639668.646233643,86036977635.25638,2.6407490019749744,0,24722662376.12274,24722662376.12274,1516262501.0418708,24722662376.12274,19254884119.31851,5534017.076327685,5313680239.135632,0,148564000.59226364,0,23206399875.080833,0.8882282549784549,9.353386166386764,0.8797661160725568,0.961609732501665,0.9052128109451214,0.9604103929980463,0.9737529207635905,0.9998628448487273,0,327233.5472537559,11.86173173390285,0.003585374925187025,123.12545540773206,15072.75963676092,25167.883833311644,14.391826033745263,55658.51541814071,53.50968068173169,316654.172693196,0,0
1650,9616183,542157,4686342,895031,3492653,0.8391861603110186,1.0499181445281271e-8,4.6216939472883176e-7,3.695574863211432e-8,0.639684997675273,0,0,13857,13798,16324,164.7071994840383,94.26323003375987,1.7473112201337606,2.969329257192081,11.770282202604792,85.12518215145319,691.5891029582003,84.86283727340415,7.232212506562909,58.75722357830554,0.038675955163849474,3835547.138217999,504360.69606628426,148343.44914655047,86130208813.72365,5.630527818222273,0,25541642099.04183,25541642099.04183,1583854571.656057,25541642099.041836,19932655930.70612,5534017.076327685,5444250034.724832,0,159202116.5345494,0,23957787527.385815,0.8666587579971277,9.936488363088204,0.8328441235399693,0.9661245794260028,0.8878555312435926,0.9451308135504309,0.9760340169992932,0.9998592316286237,0,319544.29393574985,11.875081570963282,0.005804935012193697,97.42236198844435,25084.7339351806,31596.01181000371,13.738941591784224,49372.04785714422,40.98343990795494,97611.49179985319,0,0
1680,9615767,583000,4636009,890380,3506378,0.8424507411272907,0.15089548238003406,0.1489850922540748,0.5525986805340127,0.40649591447047334,0.29548896099499916,0,13798,16729,16313,202.4646042148921,120.53227914739605,1.6797542172690765,7.620798512888232,16.76912057244018,120.71768298784343,731.4670477913145,91.56060866618412,7.198808218138838,43.61988123536249,0.022326398906011624,6076827.811166907,3126147.052158097,135673.68179525842,99137790721.06555,6.739140694012235,0,25740287577.917595,25740287577.917595,1946852459.8776658,25740287577.9176,20242467008.58392,5534017.076327685,5340428272.518232,0,151858279.7391003,0,23793435118.03999,0.8644354255547461,11.763660755634888,0.7512693373215148,0.9732985359229834,0.8707029776539373,0.8718571878428958,0.9852460263861975,0.9990216528472362,0,307012.5894101739,11.651725953161877,0.007620200609408829,85.30837775804959,27734.78738522529,38728.24049659614,13.600692936507308,66777.98308554552,48.96699306173045,162753.07693630087,0,0
1710,9590491,818065,4369515,884293,3518618,0.8487408386954997,0.13865464338843758,0.287608061734863,0.5169950931776022,0.3798927500166571,0.3356277587873238,0,16729,41527,16251,250.09744679542928,156.84583796573529,1.594543087908178,11.778781736708295,27.596055450234257,164.99997786499475,953.0571332297143,115.17196247426247,5.979114593480573,34.53599138284178,0.04310610983596752,3812211.384435639,2418292.7053264654,164329.6026554085,114245899936.97379,8.423651388543977,0,27012855645.70205,27012855645.70205,2398557312.614464,27012855645.702026,21943308867.627792,5534017.076327685,4913935162.651478,0,150077598.34640753,0,24614298333.087498,0.8811050838248766,16.312845775602234,0.675726271669354,0.9764178273764493,0.8794488060808343,0.7792522971708439,0.988226650118463,0.9991516520833579,0,333679.91082410736,13.13359600539784,0.003431804171127445,104.91398499418023,22927.26876118079,36440.19283995791,15.411272320952083,16356.351559602563,61.12282700471729,173792.53992068715,0,0
1740,9560441,967359,4186304,880536,3526242,0.8550768647464919,0.22096509590521665,0.3535711805085138,0.8253157143892276,0.395774839256892,0.30562136202712825,0.01193626946706747,41527,46240,16190,291.833500307206,249.57486083053695,1.1693225004154684,12.410515256149957,47.55955540902396,178.45142424550522,1124.1443553371116,158.73951875571916,3.752167628792548,23.63656147895395,0.04510096859290469,3589896.0241823327,1208227.533190424,161907.78783844103,131284208984.88377,12.057050867083436,0,26652158820.285957,26652158820.285957,2790056961.5101957,26652158820.285942,22228839857.818142,0,4273847038.7826953,0,149471923.6850732,0,23862101858.77543,0.8751068234154575,19.352061237040736,0.687114932666645,0.9763319070430874,0.9093731951325511,0.754364687647726,0.9925223387544599,0.9988825624147205,0,319291.903261891,12.86678742310725,0.0007994490426924616,123.6647226101592,19487.05531775219,29319.605882119107,18.449988778550317,44707.52115022215,74.60104811356615,136877.31392894508,0,0
1770,9482745,1192825,3894844,872011,3523065,0.8638683058980449,0.1821838322678908,0.4070986679606755,0.7374143685765797,0.404122224102831,0.3209218427786469,0,46240,93666,15970,254.79053458327883,282.5111034712238,0.9018779490528288,11.641155867133605,59.12311255387428,167.08512069066802,1376.904663251607,182.52347769941485,2.8260542023800994,23.28877157806841,0.13834218912637453,1171616.8513775985,367293.02816274395,162084.04003692718,169146077755.73102,13.767317279637112,0,29716575681.394867,29716575681.394867,2416113667.866644,29716575681.394867,25233951105.70393,0,4326670130.149735,0,155954445.54118443,0,27300462013.52796,0.818758808730945,20.09711497992726,0.8059014556690888,0.972942128744996,0.9040838841443514,0.8924776172960904,0.9943869266959694,0.9989449074265365,0,338619.8720196958,14.759930782327588,0.004840781587045648,107.23533084855451,24390.007787338804,28920.315648924883,21.989666586529253,61985.30517220473,72.10783255988832,270753.17460467643,0,0
1800,9472741,1655468,3588646,868612,3360015,0.8063568030748378,0.08211837728136262,0.373281788564303,0.6045822931269431,0.6885756720256576,0.05108531944449869,0,93440,25668,15664,41.62581161197714,254.66438772671134,0.163453602537655,10.877500024115374,40.02884798555578,120.01117638096719,1106.2762444303057,169.5931248613756,2.9981171685048906,27.636974334847217,0.14355849307474566,920139.3614439638,601272.3909155442,132093.82014765416,224737855612.68546,13.016364295948,0,33546013286.847057,33546013286.847057,394310532.3146531,33546013286.847034,28573834680.87449,621139.9326665051,4813500914.806967,0,158056551.23291254,0,33151702754.531986,0.7758171531202831,19.51305326403462,0.8602181215637548,0.9687289451283885,0.9060115884116647,0.9509236350398378,0.9957623587638785,0.9996146718004063,0,343043.4611579081,18.730191709413493,0.004219504447169944,83.62803483402736,19224.43673332369,28412.898362753782,19.058785908900834,47368.9297609144,57.5031632834392,172585.4067405305,0,0
1830,9466525,1653771,3581795,864739,3366220,0.8081187401705947,0.0852687391745349,0.3247886294863389,0.8265937770706181,0.6439599536260666,0.08323952030972294,0.015861047216375598,25858,22325,16109,120.4638167214197,177.84497793611212,0.6773529290475346,7.175377749357571,20.198067213720368,128.17870961296782,612.3989237844517,114.55836441202302,6.346087883393969,30.319679467570765,0.01653270761264025,8328606.188353347,1796682.525412615,137694.41093287274,167887173388.58737,8.421777607755985,0,36838748407.5005,36838748407.5005,1140373732.588347,36838748407.500496,31380292592.31726,36003421.98199188,5264395841.968325,0,158056551.23291254,0,35698374674.91174,0.7884179178596888,18.614980361642395,0.8418192904801344,0.9583866350693184,0.9094589119579882,0.9227926853930394,0.9948524906143973,0.999607174158637,0,331419.79975307203,19.69346228312694,0.0020373417580641785,82.06170178204559,14462.257411236036,21494.674545796395,17.482596416368928,33157.078971362,52.15062731867049,256731.03689071845,0,0
1860,9431182,1355238,3857531,860532,3357881,0.8092461031747235,0.171792741053197,0.12840491800822226,0.9078637456319577,0.4660953420260578,0.24314428456581583,0.03155065823138606,22322,51393,16050,177.62824908767266,155.43982205450735,1.1427460913161918,2.345499923396191,19.26625343756576,142.07825660700337,530.0154235508388,108.02468207955543,7.374462142700568,27.510041081334645,0.02113471677925116,11328346.594971674,319643.0531783435,239421.39686191996,148860028037.03513,7.1590086824214625,0,39074742478.43165,39074742478.43165,1675244345.487024,39074742478.43169,33233415890.850643,36003421.98199188,5647266614.366144,0,158056551.23291254,0,37399498132.94449,0.8175139839410026,18.025474745163063,0.7957156499067491,0.9462941080358165,0.899507200021651,0.8670724502115265,0.990271394739922,0.9995270829609838,0,306567.4641868491,13.939013640563942,0.0020233301800811994,84.2723580404318,23137.011286620764,33155.185123793235,17.188826513642876,35766.29654004871,53.386922075645536,354737.79825208965,0,0
1890,9408253,1432087,3753264,858132,3364770,0.8143907712322657,0.16021645058601655,0.07198768052383892,0.8768945564936977,0.5711080473707499,0.20614411623496945,0.009333188637678005,51393,38840,15911,309.35276833645975,144.62537517206027,2.1389937137132673,2.122772517079114,13.554317442986134,99.247667347458,604.0608384858953,120.29988339621907,7.322218013922572,44.5659356162176,0.04645870166961452,14796256.195699671,1062496.2709265628,687414.8524231965,142192741908.6563,7.2753583703461775,0,39429388976.03744,39429388976.03744,2910469110.759452,39429388976.03747,33494404009.418644,36003421.98199188,5774521979.851709,0,124459564.78510316,0,36518919865.27764,0.8350043614533957,17.03565065012395,0.7871598860730235,0.936204007506369,0.8876825508684846,0.8626975456854542,0.9847728198915294,0.9994981316853,0,340162.1689966696,14.878651105817095,0.0007247355018025524,86.13707782859309,18973.97688569326,32417.23496015376,20.19450007509197,43128.244240607644,55.52629318023711,521470.92249800306,0,0
1920,9376032,1088466,4054852,857227,3375487,0.8229539764020035,0.20821817972466053,0.12122918721083759,0.9554048991775396,0.7083419723823469,0.24941489107545708,0.015416649601878493,38840,48026,15805,303.87379566277787,128.14789042197683,2.371274272734066,2.123727304056327,12.483286901264059,82.93581502278194,548.6179598471492,121.51661442568144,6.643748211409276,43.9481976330766,0.04685679262322895,13258165.963272437,696041.2758328393,621235.1331054091,148189245635.82346,7.074646494248636,0,40636262715.4551,40636262715.4551,2849130432.095382,40636262715.455086,34490122189.23608,36003421.98199188,6043657484.703295,0,66479619.53369005,0,37787132283.35939,0.8849161282356819,16.405538522254947,0.837980376348699,0.9295221834808866,0.9032005992956995,0.9142434205333912,0.9764472607622673,0.9998654087547221,0,336131.0432477074,13.27336055956892,0.0002372949324180421,85.45927570612453,23626.18695051537,30714.411757631482,20.00882808414129,42889.2211859204,55.388681002684145,258343.62786532126,0,0
1950,9349092,750451,4354728,855922,3387991,0.8312956313578819,0.12519750913472413,0.053053476620539414,0.7001958829166731,0.8695799549303825,0.12561540735720644,0,48026,42608,15668,285.6270988229687,130.45828340109276,2.1894132850484542,2.3079942880026585,13.644804530865661,84.40100285882211,586.0375074645134,114.14442444775935,6.185578010142993,42.94949818730263,0.03725877698821378,12811489.470626758,477340.4290729319,477340.429072932,156350687056.13632,6.561849515417071,0,41404245571.92198,41404245571.92198,2670354024.588982,41404245571.92198,35261794785.324265,36003421.98199188,6052202355.764445,0,54245008.851258755,0,38733891547.33292,0.829823864614152,16.126318967055344,0.8029409271069388,0.9251465224549108,0.8524680904180669,0.9412465824176931,0.9674287191550792,0.999693852812633,0,301160.2154681608,10.585642835624437,0.002409481099255959,94.39175449638482,21944.0394520039,32120.820698716,21.1722233577725,69419.37364836913,61.292770767711175,407982.7991680526,0,0
1980,9345509,758024,4334513,853224,3399748,0.8351381639446115,0.08684250273169201,0.01914434803602177,0.7792354050253375,0.953656349803954,0.04414098793334852,0,42608,19204,15621,296.61091138123163,157.1195922239081,1.8878034698469501,2.4407878715608287,19.705264653672312,145.33093612624722,716.6823799642596,131.14411405932987,7.375233912383058,36.37009664981572,0.021524052535613403,12949235.284876121,278720.0205676922,278720.0205676921,163613125995.49374,7.600652780994789,0,43300877333.283646,43300877333.283646,2771979941.8115077,43300877333.28359,35176812782.2087,36003421.98199188,8041525707.285581,0,46535421.80733074,0,40528897391.47207,0.7893628951219867,16.250831006018995,0.6959691811234351,0.9158324564993932,0.7770213176472247,0.8901368252399724,0.9575739167141134,0.999832400693642,0,341136.2976859405,12.136176740969427,0.0007523407775686874,125.9371580582001,42302.12619941567,58850.29383533477,26.352967526818507,70024.01731816598,72.95917818363505,382812.42454292666,0,0
2010,9340969,843353,4238023,850269,3409324,0.8382754986051022,0.06969626883839966,0.024054918376123124,0.7126057926473907,0.955359663435346,0.0431598691741724,0,19204,20150,15610,329.33777951988566,231.55245712142897,1.4223031083931743,2.5721241802606243,26.663540469724012,288.997390818405,1299.6239125984303,181.0133869378576,10.838672799156456,48.74161081774308,0.025262752273365385,12626366.469775895,318976.7682386756,318976.7682386756,181557158059.22943,11.093354181773291,0,43391139627.59365,43391139627.59365,3076333989.024342,43391139627.59365,35207322397.75216,36003421.98199188,8115659764.881823,0,32154042.97769067,0,40314805638.56955,0.7744431838139815,17.566208595169023,0.6137488919677877,0.8888366251236502,0.7512145693871914,0.824256318973395,0.9460251672412548,0.9999098472412424,0,295793.15190074977,10.922245274976406,0.0003568313676744045,216.96315188260164,10712.489187324154,61122.929725880174,27.257182563957006,67572.41839328138,104.94074117097693,365337.00961961766,0,0
2040,9331158,848178,4213932,847616,3421432,0.8433337086708902,0.20418717827558122,0.07650897700970764,0.8912810499291158,0.6823114558771806,0.3137426244416824,0.0039284513240478835,20150,25394,15583,336.9917723369454,299.198889922557,1.1263135783163185,3.0083876563952336,37.26735358894338,423.00583762099694,2464.551159573212,283.46912405616246,11.350573541838397,66.13163861209625,0.01813693798079752,10355240.868185004,364790.60763213463,187812.36140249134,208333621849.41956,15.86697079676723,0,45680360935.52606,45680360935.52606,3144523472.376196,45680360935.52606,37329160462.74836,36003421.98199188,8293357991.04172,0,21839059.754054118,0,42535837463.14997,0.7230351619605987,20.50681957170953,0.6186870768790699,0.8262512244661614,0.7303927535060927,0.850874762284755,0.9345424039722132,0.999878534137642,0,290473.6600528889,11.456022666427842,0.006203749280957372,501.88892621878483,6663.187169491461,53902.9916464272,27.802708454529647,82969.76804737275,121.57884422846095,175135.6296187234,0,0
2070,9245201,1075103,3893748,847561,3428789,0.860631562508113,0.32641678044263406,0.1263879558799159,0.9344335127985961,0.5886115401925821,0.231357976965563,0.18001285207319992,25394,101349,15392,624.7601406389866,243.03393387419067,2.5706704026047693,5.25399446203013,47.30105962971805,652.6011409471112,3860.020233184901,409.2583990980148,13.796755211316631,81.60536494112172,0.014197920913009088,11102935.599180885,173192.70153607303,157638.60153940384,228135105761.25015,14.810885694194514,0,52304858800.41602,52304858800.41602,5776033076.996285,52304858800.41607,43741383400.93064,36003421.98199188,8508360049.16782,0,19111928.335673604,0,46528825723.42035,0.6901409193179984,26.10537496775482,0.7039148313740267,0.8016572245171898,0.7551571786241352,0.9335628735893196,0.9262520402417809,0.9996479331332758,0,290802.9606852794,12.69298084223033,0.0070798027867525065,1042.8428523756236,15487.069141624326,45843.68538068138,37.00351441732507,92016.20212787646,134.84486779435608,109222.9825840229,0,0
2100,9046857,1156979,3614777,852564,3422537,0.8959177711517521,0.2779283554578399,0.06317348113046818,0.8381472651546242,0.5954178340610446,0.39267770011176256,0.011886448520187729,101349,213137,14793,416.9789846202459,221.11569858419423,1.8857954785217241,14.113629617218796,46.373488602905205,571.3662976178865,4361.885365361953,527.3979987116106,12.320968614427072,94.05989277004036,0.03334182998875601,4641335.901667104,714744.3302846,154750.63255409428,297800411398.0223,14.673308214655567,0,55531864651.67804,55531864651.67804,3772349245.864666,55531864651.67809,46606627126.66397,36003421.98199188,8870122174.69649,0,19111928.335673604,0,51759515405.81348,0.6512090066484088,29.933010512667135,0.695806009449171,0.8786203998879721,0.7320587073497756,0.9428290117658845,0.9287232591171556,0.9993512228637936,0,243799.23568338557,10.555671195009301,0.005936920783890443,1266.1025442349942,26697.95787020241,31375.96701671706,60.52666265305053,43762.339656601165,170.86264838218207,217738.84722178456,0,0
2130,9025916,1026455,3718920,851904,3428637,0.902044833126992,0.11549134180755516,0.03056432037809924,0.7150390267521123,0.9238115001291836,0.07617055155399186,0,213137,35483,14542,384.25828112429576,212.0906807858843,1.8117640987357804,20.136612684365566,44.27464958694731,508.5449471681977,4334.043228776276,512.4481779266924,11.48614279079744,97.88994987447632,0.10792166031114825,2132682.9007181665,1248446.6204889505,230162.67956270016,312959068169.12787,16.761269856306438,0,56368754071.65819,56368754071.65819,3468282967.7322145,56368754071.65826,45947720874.833206,36003421.98199188,10375033416.3819,0,9996358.461212497,0,52900471103.92599,0.6633053145274908,32.11811584970058,0.5831051803211038,0.9044949504776626,0.7456882457732873,0.8308557985287294,0.9402024710992517,0.9996517310714141,0,206734.23732278298,8.457821022384747,0.004723949653027374,845.3404079970462,28494.82692413872,36164.654446913664,150.86580706974567,30316.275177461812,198.3268132149868,139344.39587267165,0,0
2160,9021838,1094398,3801039,849563,3276838,0.8429075892509699,0.08986072182986947,0.15073007602641622,0.7606661909492473,0.8771196068916334,0.12288039310836661,0,35261,18411,14333,646.9634841943473,213.75278742293065,3.026690280834875,21.81586908330656,38.34287276651744,407.4986166271603,4081.976648075932,561.1837469364908,10.627753927269756,106.45985429762793,0.1374527726202942,1798398.7468526082,301312.1568276314,247194.89403175356,294675676349.6219,22.73440675690953,0,69859599511.90775,69859599511.90775,5836799746.3161,69859599511.90776,57203658577.71121,35382282.04932538,12616147538.429348,0,4411113.717888825,0,64022799765.5908,0.6063074768330926,34.49601351812105,0.4949910397835843,0.9194790622780528,0.687006561679285,0.7761181149505724,0.9509530584008323,0.9993168101182307,0,203001.71321678453,8.847902921604517,0.0035971978330378387,636.7442016532499,21034.51320132484,28961.899328279243,261.50350444825926,49446.28588593805,205.04910877051498,126559.70259915869,0,0
2190,9014511,918310,3961223,847475,3287503,0.8474126519894424,0.09567045818499405,0.28528217636184244,0.5645114302191562,0.809587674805655,0.18877640728376724,0,18592,22082,14755,879.8924130653273,196.65179452116828,4.47436757547927,22.464105921978636,31.25812062293788,288.61938933729994,2663.552555343829,652.4842900563846,9.233421062605563,85.21153870617727,0.06623487796743299,3548980.1156500108,397736.9932986751,235066.2648689249,267432479868.7153,16.417039531081738,0,77702525889.95537,77702525889.95537,7931799836.392689,77702525889.95538,64475203931.296616,67393785.99563581,13155517058.945229,0,4411113.717888825,0,69770726053.56142,0.6947394835949793,33.66132924611018,0.5049108419130106,0.8699161506139862,0.7236397574502341,0.7625515192109767,0.9512776058454978,0.9992704159413104,0,312260.39829950745,15.173432918790576,0.0037810124625477968,766.9366975830702,0,41815.13692191281,236.03438301738072,71040.44736737845,359.5036359337259,111818.9230901552,0,0
2220,9002152,1016669,3840863,846006,3298614,0.8532357584057089,0.10632105380296511,0.3169974140322197,0.774173150596824,0.8390840323513755,0.157646527185944,0,22082,27068,14709,1108.7145828842558,236.42342533405866,4.689529310886508,20.79585187981356,29.60023887563038,215.08673739011135,2238.1016021920786,662.864596189301,7.266385190127313,75.61093042511519,0.09999732116795934,3829632.7062524734,382953.01168244996,382953.0116824501,275710179943.4799,20.273165530511374,0,79982950801.2899,79982950801.2899,9980817199.739964,79982950801.28995,66369747593.44879,155701248.2348261,13453090845.888416,0,4411113.717888825,0,70002133601.5492,0.7046578543605557,39.55753866183432,0.5554437863606768,0.7646430545096337,0.6912368150267375,0.839298314089398,0.9317703851986209,0.9992514430129718,0,327159.3465411097,16.777531444657765,0.004212114959746025,953.6624872423279,13320.996890637218,39504.594450496326,86.584313509755,51806.584910022204,678.4290862355178,113015.11062569222,0,0
2250,8997731,1165525,3676889,844593,3310724,0.858108579729036,0.040883483250956046,0.2159564222353253,0.6645754150604839,0.9931882826903805,0.00191470494061225,0,27068,19086,14665,1310.0199422677802,413.55737605209214,3.1676860772585242,26.95952958417277,43.30006161312287,287.90053281474997,2946.392094251921,807.468967784451,6.648963583171819,68.04590997069074,0.20426870874678982,1065759.2435145197,405530.14484230464,217701.26450766646,372986353865.8997,24.34718317098159,0,93445872073.1538,93445872073.1538,11787207045.159147,93445872073.15381,79461154264.571,155701248.2348261,13827096307.602364,0,1920252.7457240005,0,81658665027.99274,0.7387031557327883,44.43532012776677,0.48934070060021523,0.6850673618251805,0.6497074383585695,0.806925107231642,0.8969761761622058,0.9992829250465513,0,300187.94313261093,14.373593237752912,0.008387711425598276,1724.245098885715,11197.63543272623,41342.18305965165,67.96860212727177,29963.809883397225,1031.8123350028802,130176.92832277736,0,0
2280,8998761,1137656,3695708,842398,3322999,0.8618008078845293,0.015296533149892785,0.27371509459637966,0.36938479953058195,0.9916355151559197,0.0018455874092,0,19086,13624,14654,1887.7258592288008,370.65645079249293,5.09292595661749,28.787543748319454,70.91359036501574,462.956771863217,3892.061970218332,848.567307879562,6.528463295684581,54.88457078797731,0.9999999999999981,315771.0747243507,1408966.3281154488,315771.0747243501,381421923112.86487,24.577753797324707,0,103580565559.66202,103580565559.66202,16987193840.718811,103580565559.66203,89326812264.71506,155701248.2348261,14091878003.696877,0,6174043.015250734,0,86593371718.9424,0.6661050921929487,51.551308026169536,0.4049109358471379,0.5873278564483655,0.5771527268598841,0.7961509889134105,0.8396025793293578,0.9992500446114714,0,280902.74994588346,12.209027012047011,0.008741720582503987,1881.0550538915006,6495.938372511813,44308.282470412254,80.23242635266493,44015.479240334265,611.9287397604131,229791.5804235997,0,0
2310,9000412,1083229,3742125,839717,3335341,0.8652335144737567,0.0055241002132892575,0.3692952146498467,0.13359226564696713,0.9918622614164774,0,0,13624,12993,14644,2747.5901251136083,312.20245252471705,8.800667973279555,30.953809560218303,108.76065182865665,842.7312505074243,3982.5810278179924,1313.5258134249605,7.7484939299102145,36.61784809907371,0.9999999999999989,316679.5668844139,541668.3019128569,316679.56688441354,460226580414.44946,23.314086597846227,0,123323090681.76788,123323090681.76788,24729443133.152855,123323090681.76805,108094671381.74707,468915653.08025277,14754301049.441578,0,5202597.499112261,0,98593647548.61395,0.6523303651971147,62.07442391219172,0.3581510843108749,0.5071491381395666,0.563485236112154,0.7572850951410551,0.7621912608377299,0.9992256848042531,0,241136.4430712667,10.220879617475022,0.016917690321395173,3233.174513480009,16221.083877072693,41653.49988102143,91.24445345964766,51482.76184383049,397.80677020260947,355629.4937255769,0,0
2340,9002231,1026503,3791354,836766,3347608,0.8685135320537741,0.0019949792836075736,0.44912807164129553,0.04831518098064756,0.9902473064732509,0,0,12993,12818,14637,3517.204049666673,480.3518751175649,7.322140771920265,27.827479013391933,154.10354692992144,1555.0165032086925,5484.631291951918,1389.8135120818217,10.09072493260545,35.59055843436266,0.9977203383432944,641728.228826505,947969.7682528906,640265.3055892236,501867332362.7044,29.845782931550048,0,139994153531.79773,139994153531.79773,31662683329.231766,139994153531.79782,124505130873.68774,594581838.896243,14889238221.714655,0,5202597.499112261,0,108331470202.5629,0.659038287335523,71.61041379940663,0.30270352588445143,0.4452418698870014,0.5567824125111097,0.711951986546523,0.6709411303099799,0.9990673867298594,0,176758.32181334923,7.128300209840392,0.022691039753693857,3673.431407228123,16943.68115197183,38002.55196375192,92.7384139729016,28623.742129074762,644.8109308270498,305267.8290048043,0,0
2370,9003935,1012751,3797392,833938,3359854,0.871864308399979,0.0007204519842653794,0.48028464319896563,0.017473741476632575,0.9886353022317464,0,0,12818,12924,14628,3849.1919733687687,1140.2713100088415,3.3756808047191176,8.30219769614606,182.79479137138702,1704.8090331500034,8412.168269924647,1528.3254148455887,9.326354544130945,46.01973725188653,0.0419924920591338,2872249.4789478756,120612.91343656978,120612.91343656978,467784327143.1572,51.37232742517726,0,148525431024.3173,148525431024.3173,34657874330.732506,148525431024.31744,132001875390.36934,874558891.6377559,15643764644.2871,0,5232098.023070841,0,113867556693.58333,0.6339824219951775,75.73072428166198,0.20127001711310358,0.36476530088618114,0.4937572852664367,0.6219999619591429,0.5585198106777512,0.9990029177674492,0,94644.29664782902,3.6989224009138373,0.01152650237861666,4396.8608223452475,0,32847.618622616385,104.71880368489161,29408.013524700367,924.1338447019233,257626.69977007018,0,0
2400,9005605,1071280,3731146,831124,3372055,0.8752199409215259,0.00026018049985731563,0.6263538687994484,0.006319579788275859,0.9870259688271915,0,0,12924,12954,14624,4976.731693328327,2008.7703137065384,2.4775016134848054,7.334276409861309,192.5780446937414,1891.8097488460487,11055.747883582853,2405.5359665128153,9.823600358257925,57.409181307063896,0.009057187624735175,9087485.205398364,82307.0585422989,82307.0585422989,408136633282.5658,86.12764357865787,0,155022335754.79962,155022335754.79962,44818479821.09264,155022335754.79987,136321806701.33107,1100570452.6538389,17594698435.75739,0,5260165.057430009,0,110203855933.70386,0.5083367790256301,84.41514368872117,0.16763815489945422,0.30512685821021235,0.3909849538965439,0.6443556477940972,0.46764313326533663,0.9989266140147954,0,40282.39406979533,1.5528840300032412,0.00706751121200877,5169.9224815904745,80.50509943368931,28773.1267010513,118.92555650268196,21337.637243855832,1197.9451873772225,110887.21924433083,0,0
2430,9007205,1062204,3732157,828601,3384243,0.8787081323246205,0.07043726428000034,0.7404992729700425,0.3129760726406379,0.9527252904757914,0.03269549210881733,0,12954,13007,14607,6557.3467227075835,2697.716982434578,2.4307022439358517,7.999639220762118,225.2271756083781,2200.5773806552074,13198.729710176825,2804.9717630396,9.770478960680753,58.60185243865329,0.007975852438898312,9837453.173353827,78462.07488524227,78462.07488524227,438012525115.4131,124.22485115195693,0,168835847295.3407,168835847295.3407,59063366187.49821,168835847295.34106,143605015730.41724,1914196430.0466816,23310580415.20624,0,6054719.670416182,0,109772481107.83556,0.47110437112973613,90.38905174693518,0.12661573210561727,0.2659449748394288,0.3317296052913441,0.6794285830427698,0.4350529748782525,0.9989426104363013,0,17456.364717830857,0.6864596108595747,0.005378243448211196,6319.203302818629,5159.625033789493,24532.159103860024,246.99012318397595,11551.367247201693,1187.257929942757,81210.92767308283,0,0
2460,8976218,1070710,3686483,825330,3393695,0.8868727840135979,0.37676747884471395,0.830013783763007,0.7515298866400585,0.38588155947192904,0.597885880222606,0,13007,45516,14529,8575.288583696733,2579.571762644524,3.324307045021117,8.477602681276297,238.35857209031698,2375.1066298247533,13608.713096609998,3038.8870771699653,9.96442716112931,57.09344949194229,0.008779763000155927,11655040.389315046,148330.59504937704,102328.49237543218,412534367861.59955,126.66591450921185,0,180837032963.42163,180837032963.42163,76973659740.16142,180837032963.42166,152074786147.90027,1914196430.0466816,26841995665.804054,0,6054719.670416182,0,103863373223.2487,0.49151214296285567,93.0825003615057,0.0943004249035098,0.23379096923369636,0.3173787235915188,0.6649927898448901,0.4042125306185468,0.9989485764784259,0,10035.562625770479,0.38823756895165207,0.007279234164538655,6239.106130391433,0,22703.638376421015,729.6392424687032,10393.46635905774,907.8471139389839,148058.84977822553,0,0
2490,8736474,1096485,3456830,796718,3386441,0.918706261262399,0.5522042046246682,0.8988303710353021,0.910137922752264,0.3067394237080085,0.16102835079690045,0.5139991259631747,45337,249992,10248,10320.863329736845,4554.326422279605,2.2661667989469407,8.505845379448136,255.0808731251691,2495.5841611117417,14090.216830837493,3323.1973259111346,9.783501720598037,55.23823349908079,0.004693918910970929,8723852.680042317,40949.057071373834,40949.057071373834,369408759402.9881,192.13061079857872,0,184541811774.1112,184541811774.1112,90167954137.7971,184541811774.11142,153727964448.96228,1914196430.0466816,28894544982.661476,0,5105912.4408306535,0,94373857636.31198,0.4819867054100834,89.8966812391305,0.058264076259982485,0.196210128920449,0.2978129393825284,0.6391340507560469,0.36027017944702205,0.9989101653898427,0,9034.584010926883,0.35198569438275024,0.009431796598244604,6327.95452086511,0,21440.747020976094,799.9391257331638,5444.43753974552,1126.2498595898005,46916.704827730595,0,0
2520,8000582,1051491,3188262,562867,3197962,0.8870396459416385,0.5896036949665937,0.9285041564493495,0.9675003451397809,0.3437766152512405,0.05756906185075036,0.5772348811623954,230537,596420,0,13570.97029571485,4347.5479765221335,3.12152283747104,8.489516127228569,262.0418957965476,2581.579968120441,13431.47592443765,3661.139673902641,9.851783281726867,51.25697890258741,0.003601575489696973,9695111.778121565,45314.45674644608,34917.676949956025,308446717211.0545,200.21864132633485,0,218414758692.28555,218414758692.28555,108575660670.4274,218414758692.2857,176239036363.55258,2512840022.158224,39657776394.1343,0,5105912.4408306535,0,109839098021.85486,0.466655849865358,84.48279102800575,0.028445247263187548,0.1569306793331837,0.2511721440659819,0.648819210036559,0.3054232521478481,0.9989286178522715,0,8966.741648544363,0.36895325402230217,0.008186529869493999,6309.710324344363,0,21290.529169671747,795.816364676971,975.1727557074232,2016.0384053502037,17704.62778043178,0,0