year,scalePopFacingSolver,scalePopFacingTargets,scalePopFacingSeeded,scalePopFacingActual,scalePopFacingActualToSolver,scalePopFacingActualToTargets,scalePopFacingActualToSeeded,scalePopFacingTargetsToSolver,scaleEndogenousSolver,scaleEndogenousTargets,scaleEndogenousSeeded,scaleEndogenousActual,scaleEndogenousActualToTargets,scaleEndogenousActualToSeeded,inFlightConstruction
1,11016.490000000002,25999,25999,18843.839933146563,1.7105121443532885,0.7247909509268265,0.7247909509268265,2.3600075886239624,0.22000000000000003,2629,2629,529.9183493781521,0.20156650794148046,0.20156650794148046,1120000
2,11016.490000000002,25999,25999,8342.936821930867,0.7573135201802812,0.3208945275560932,0.3208945275560932,2.3600075886239624,0.22000000000000003,2629,2629,1782.0201310590421,0.6778319250890232,0.6778319250890232,36000000
3,11016.490000000002,25999,25999,22947.36602123959,2.0830015750243125,0.8826249479302893,0.8826249479302893,2.3600075886239624,0.22000000000000003,2629,2629,2068.376943696506,0.7867542577772939,0.7867542577772939,60300000
4,11016.490000000002,25999,25999,21547.00891144673,1.9558869396193095,0.8287629874782387,0.8287629874782387,2.3600075886239624,0.22000000000000003,2629,2629,2168.3682356913655,0.8247882220202988,0.8247882220202988,55720000
5,11016.490000000002,25999,25999,22401.209587992955,2.033425309512644,0.8616181233121641,0.8616181233121641,2.3600075886239624,0.22000000000000003,2629,2629,2660.731397181891,1.012069759293226,1.012069759293226,61180000
6,11016.490000000002,25999,25999,20262.38945405358,1.8392781597453978,0.7793526464115381,0.7793526464115381,2.3600075886239624,0.22000000000000003,2629,2629,2917.225729633211,1.109633217814078,1.109633217814078,72040000
7,11016.490000000002,25999,25999,13903.977661321678,1.2621059576436484,0.5347889403946952,0.5347889403946952,2.3600075886239624,0.22000000000000003,2629,2629,3077,1.1704069988588817,1.1704069988588817,134600000
8,11016.490000000002,25999,25999,13950.07965619643,1.2662907746656538,0.5365621622445644,0.5365621622445644,2.3600075886239624,0.22000000000000003,2629,2629,3103,1.1802966907569419,1.1802966907569419,134140000
9,11016.490000000002,25999,25999,13673.189352637306,1.241156607289373,0.5259121255678029,0.5259121255678029,2.3600075886239624,0.22000000000000003,2629,2629,3120,1.1867630277672119,1.1867630277672119,110640000
10,11016.490000000002,25999,25999,14019.04891953011,1.2725513225655456,0.5392149282483985,0.5392149282483985,2.3600075886239624,0.22000000000000003,2629,2629,3120,1.1867630277672119,1.1867630277672119,115440000
